{
  "success": true,
  "message": "",
  "nodes": [
    {
      "id": "C020045615_keyword",
      "name": "object recognition",
      "type": "keyword",
      "value": 1.0,
      "releExpert": null,
      "releSubject": null
    },
    {
      "id": "C020043191_keyword",
      "name": "computer vision",
      "type": "keyword",
      "value": 0.75,
      "releExpert": null,
      "releSubject": null
    },
    {
      "id": "2102267_scholar",
      "name": "Bohyung Han",
      "type": "scholar",
      "value": 1.0,
      "releExpert": null,
      "releSubject": null
    },
    {
      "id": "C020031313_keyword",
      "name": "learning (artificial intelligence)",
      "type": "keyword",
      "value": 0.75,
      "releExpert": null,
      "releSubject": null
    },
    {
      "id": "135967_scholar",
      "name": "Alexander Toshev",
      "type": "scholar",
      "value": 1.0,
      "releExpert": null,
      "releSubject": null
    },
    {
      "id": "2042862_scholar",
      "name": "林元庆",
      "type": "scholar",
      "value": 1.0,
      "releExpert": null,
      "releSubject": null
    },
    {
      "id": "2084714_scholar",
      "name": "Lubomir Bourdev",
      "type": "scholar",
      "value": 1.0,
      "releExpert": null,
      "releSubject": null
    },
    {
      "id": "2037676_scholar",
      "name": "Jun Zhu",
      "type": "scholar",
      "value": 1.0,
      "releExpert": null,
      "releSubject": null
    },
    {
      "id": "60012708_affiliation",
      "name": "Stanford University",
      "type": "affiliation",
      "value": 0.5,
      "releExpert": null,
      "releSubject": null
    },
    {
      "id": "2116449_scholar",
      "name": "李飞飞",
      "type": "scholar",
      "value": 1.0,
      "releExpert": null,
      "releSubject": null
    },
    {
      "id": "C020031314_keyword",
      "name": "Supervised learning",
      "type": "keyword",
      "value": 0.625,
      "releExpert": null,
      "releSubject": null
    },
    {
      "id": "291156_keyword",
      "name": "Crowdsourcing",
      "type": "keyword",
      "value": 1.0,
      "releExpert": null,
      "releSubject": null
    }
  ],
  "links": [
    {
      "source": "2116449_scholar",
      "target": "2037676_scholar",
      "value": 1.0,
      "type": "scholar"
    },
    {
      "source": "2116449_scholar",
      "target": "C020043191_keyword",
      "value": 0.75,
      "type": "keyword"
    },
    {
      "source": "2116449_scholar",
      "target": "291156_keyword",
      "value": 1.0,
      "type": "keyword"
    },
    {
      "source": "2116449_scholar",
      "target": "2042862_scholar",
      "value": 1.0,
      "type": "scholar"
    },
    {
      "source": "2116449_scholar",
      "target": "C020031314_keyword",
      "value": 0.625,
      "type": "keyword"
    },
    {
      "source": "2116449_scholar",
      "target": "C020031313_keyword",
      "value": 0.75,
      "type": "keyword"
    },
    {
      "source": "2116449_scholar",
      "target": "C020045615_keyword",
      "value": 1.0,
      "type": "keyword"
    },
    {
      "source": "2116449_scholar",
      "target": "2102267_scholar",
      "value": 1.0,
      "type": "scholar"
    },
    {
      "source": "2116449_scholar",
      "target": "60012708_affiliation",
      "value": 0.5,
      "type": "affiliation"
    },
    {
      "source": "2116449_scholar",
      "target": "2084714_scholar",
      "value": 1.0,
      "type": "scholar"
    },
    {
      "source": "2116449_scholar",
      "target": "135967_scholar",
      "value": 1.0,
      "type": "scholar"
    }
  ]
}