{
  "expertVO": {
    "id": 197239,
    "name": "韩家炜",
    "headImg": "/img/expert_logo/2017-08/2017-08-28-14-52-30__b2567d11-0c45-4c6a-a764-5a5cec935eb4.jpg",
    "institution": "University of Illinois at Urbana-Champaign",
    "subjectArea": "计算机科学",
    "country": "美国",
    "totalIssues": 759,
    "totalCitations": 54185,
    "top1Citations": 0.1875,
    "number1": 126,
    "top10Citations": 0.549107,
    "number10": 369,
    "hIndex": 110,
    "journalSend": null,
    "subjectMatch": null,
    "citedSituation": null,
    "fwciinedx": 5.654
  },
  "mapVO": {
    "nodes": [
      {
        "id": "2129376_scholar",
        "name": "王海勋",
        "type": "scholar",
        "value": 1,
        "releExpert": null,
        "releSubject": null
      },
      {
        "id": "60000745_affiliation",
        "name": "University of Illinois at Urbana-Champaign",
        "type": "affiliation",
        "value": 0.5,
        "releExpert": null,
        "releSubject": null
      },
      {
        "id": "4412230_scholar",
        "name": "Xue Li",
        "type": "scholar",
        "value": 1,
        "releExpert": null,
        "releSubject": null
      },
      {
        "id": "2130026_scholar",
        "name": "Jimeng Sun",
        "type": "scholar",
        "value": 1,
        "releExpert": null,
        "releSubject": null
      },
      {
        "id": "1403_scholar",
        "name": "Karsten Borgwardt",
        "type": "scholar",
        "value": 1,
        "releExpert": null,
        "releSubject": null
      },
      {
        "id": "2108661_scholar",
        "name": "Keke Cai",
        "type": "scholar",
        "value": 1,
        "releExpert": null,
        "releSubject": null
      },
      {
        "id": "197239_scholar",
        "name": "韩家炜",
        "type": "scholar",
        "value": 1,
        "releExpert": null,
        "releSubject": null
      }
    ],
    "relations": [
      {
        "source": "197239_scholar",
        "target": "2129376_scholar",
        "value": 1,
        "type": "scholar"
      },
      {
        "source": "197239_scholar",
        "target": "2108661_scholar",
        "value": 1,
        "type": "scholar"
      },
      {
        "source": "197239_scholar",
        "target": "60000745_affiliation",
        "value": 0.5,
        "type": "affiliation"
      },
      {
        "source": "197239_scholar",
        "target": "1403_scholar",
        "value": 1,
        "type": "scholar"
      },
      {
        "source": "197239_scholar",
        "target": "2130026_scholar",
        "value": 1,
        "type": "scholar"
      },
      {
        "source": "197239_scholar",
        "target": "4412230_scholar",
        "value": 1,
        "type": "scholar"
      }
    ],
    "expertReco": [
      {
        "id": 224535,
        "name": "Swagatam Das",
        "headImg": "/img/null",
        "institution": "Indian Statistical Institute, Kolkata",
        "subjectArea": null,
        "country": null,
        "totalIssues": null,
        "totalCitations": null,
        "top1Citations": null,
        "number1": null,
        "top10Citations": null,
        "number10": null,
        "hIndex": null,
        "journalSend": null,
        "subjectMatch": null,
        "citedSituation": null,
        "fwciinedx": null
      },
      {
        "id": 860117,
        "name": "高静",
        "headImg": "/img/expert_logo/2019-03/2019-03-25-09-52-16__de395ebf-eb59-42ea-8c95-403974c9e143.jpg",
        "institution": "University at Buffalo State University of New York",
        "subjectArea": null,
        "country": null,
        "totalIssues": null,
        "totalCitations": null,
        "top1Citations": null,
        "number1": null,
        "top10Citations": null,
        "number10": null,
        "hIndex": null,
        "journalSend": null,
        "subjectMatch": null,
        "citedSituation": null,
        "fwciinedx": null
      },
      {
        "id": 338504,
        "name": "翟成祥",
        "headImg": "/img/expert_logo/2019-01/2019-01-22-10-28-01__3b3250f0-36fd-4e0f-92d7-79400d581015.jpg",
        "institution": "University of Illinois at Urbana-Champaign",
        "subjectArea": null,
        "country": null,
        "totalIssues": null,
        "totalCitations": null,
        "top1Citations": null,
        "number1": null,
        "top10Citations": null,
        "number10": null,
        "hIndex": null,
        "journalSend": null,
        "subjectMatch": null,
        "citedSituation": null,
        "fwciinedx": null
      }
    ],
    "subjectReco": null,
    "journalsReco": null,
    "institutionsReco": [
      "National Chiao Tung University Taiwan",
      "University at Buffalo State University of New York",
      "University of Connecticut"
    ]
  },
  "mapInfo": {
    "nodes": [
      {
        "id": "2129376_scholar",
        "name": "王海勋",
        "type": "scholar",
        "value": 1,
        "releExpert": null,
        "releSubject": null
      },
      {
        "id": "2119948_scholar",
        "name": "丛高",
        "type": "scholar",
        "value": 1,
        "releExpert": null,
        "releSubject": null
      },
      {
        "id": "2130026_scholar",
        "name": "Jimeng Sun",
        "type": "scholar",
        "value": 1,
        "releExpert": null,
        "releSubject": null
      },
      {
        "id": "C018881837_keyword",
        "name": "Markov random fields",
        "type": "keyword",
        "value": 0.75,
        "releExpert": null,
        "releSubject": null
      },
      {
        "id": "2089092_scholar",
        "name": "Jianmin Wang",
        "type": "scholar",
        "value": 1,
        "releExpert": null,
        "releSubject": null
      },
      {
        "id": "5052_scholar",
        "name": "Chengkai Li",
        "type": "scholar",
        "value": 1,
        "releExpert": null,
        "releSubject": null
      },
      {
        "id": "6518193_scholar",
        "name": "朱频频",
        "type": "scholar",
        "value": 1,
        "releExpert": null,
        "releSubject": null
      },
      {
        "id": "60000745_affiliation",
        "name": "University of Illinois at Urbana-Champaign",
        "type": "affiliation",
        "value": 0.5,
        "releExpert": null,
        "releSubject": null
      },
      {
        "id": "4412230_scholar",
        "name": "Xue Li",
        "type": "scholar",
        "value": 1,
        "releExpert": null,
        "releSubject": null
      },
      {
        "id": "C018834503_keyword",
        "name": "Bayesian networks",
        "type": "keyword",
        "value": 1,
        "releExpert": null,
        "releSubject": null
      },
      {
        "id": "C018827506_keyword",
        "name": "Knowledge acquisition",
        "type": "keyword",
        "value": 0.75,
        "releExpert": null,
        "releSubject": null
      },
      {
        "id": "1403_scholar",
        "name": "Karsten Borgwardt",
        "type": "scholar",
        "value": 1,
        "releExpert": null,
        "releSubject": null
      },
      {
        "id": "97872_keyword",
        "name": "Term relationship",
        "type": "keyword",
        "value": 0.75,
        "releExpert": null,
        "releSubject": null
      },
      {
        "id": "2108661_scholar",
        "name": "Keke Cai",
        "type": "scholar",
        "value": 1,
        "releExpert": null,
        "releSubject": null
      },
      {
        "id": "2109042_scholar",
        "name": "Dong Wang",
        "type": "scholar",
        "value": 1,
        "releExpert": null,
        "releSubject": null
      },
      {
        "id": "72132_keyword",
        "name": "Sentence retrieval",
        "type": "keyword",
        "value": 1,
        "releExpert": null,
        "releSubject": null
      },
      {
        "id": "197239_scholar",
        "name": "韩家炜",
        "type": "scholar",
        "value": 1,
        "releExpert": null,
        "releSubject": null
      },
      {
        "id": "112713229_affiliation",
        "name": "Facebook Inc.",
        "type": "affiliation",
        "value": 0.5,
        "releExpert": null,
        "releSubject": null
      }
    ],
    "relations": [
      {
        "source": "197239_scholar",
        "target": "2129376_scholar",
        "value": 1,
        "type": "scholar"
      },
      {
        "source": "2108661_scholar",
        "target": "C018827506_keyword",
        "value": 0.75,
        "type": "keyword"
      },
      {
        "source": "2129376_scholar",
        "target": "2119948_scholar",
        "value": 1,
        "type": "scholar"
      },
      {
        "source": "2129376_scholar",
        "target": "6518193_scholar",
        "value": 1,
        "type": "scholar"
      },
      {
        "source": "197239_scholar",
        "target": "2108661_scholar",
        "value": 1,
        "type": "scholar"
      },
      {
        "source": "197239_scholar",
        "target": "60000745_affiliation",
        "value": 0.5,
        "type": "affiliation"
      },
      {
        "source": "2129376_scholar",
        "target": "112713229_affiliation",
        "value": 0.5,
        "type": "affiliation"
      },
      {
        "source": "197239_scholar",
        "target": "1403_scholar",
        "value": 1,
        "type": "scholar"
      },
      {
        "source": "2108661_scholar",
        "target": "97872_keyword",
        "value": 0.75,
        "type": "keyword"
      },
      {
        "source": "197239_scholar",
        "target": "2130026_scholar",
        "value": 1,
        "type": "scholar"
      },
      {
        "source": "2129376_scholar",
        "target": "2089092_scholar",
        "value": 1,
        "type": "scholar"
      },
      {
        "source": "2108661_scholar",
        "target": "72132_keyword",
        "value": 1,
        "type": "keyword"
      },
      {
        "source": "2129376_scholar",
        "target": "5052_scholar",
        "value": 1,
        "type": "scholar"
      },
      {
        "source": "2108661_scholar",
        "target": "C018881837_keyword",
        "value": 0.75,
        "type": "keyword"
      },
      {
        "source": "2108661_scholar",
        "target": "C018834503_keyword",
        "value": 1,
        "type": "keyword"
      },
      {
        "source": "2129376_scholar",
        "target": "2109042_scholar",
        "value": 1,
        "type": "scholar"
      },
      {
        "source": "197239_scholar",
        "target": "4412230_scholar",
        "value": 1,
        "type": "scholar"
      }
    ],
    "expertReco": null,
    "subjectReco": null,
    "journalsReco": null,
    "institutionsReco": null
  },
  "paperVO": [
    {
      "id": "Periodical_jsjyjyfz200104003",
      "title": "Web挖掘研究",
      "summary": "因特网目前是一个巨大、分布广泛、全球性的信息服务中心，它涉及新闻、广告、消费信息、金融",
      "summaryAll": "因特网目前是一个巨大、分布广泛、全球性的信息服务中心，它涉及新闻、广告、消费信息、金融管理、教育、政府、电子商务和许多其它信息服务.Web包含了丰富和动态的超链接信息，以及Web页面的访问和使用信息，这为数据挖掘提供了丰富的资源.Web挖掘就是从Web文档和Web活动中抽取感兴趣的潜在的有用模式和隐藏的信息.对Web挖掘最新技术及发展方向做了全面分析，包括Web结构挖掘、多层次Web数据仓库方法以及Web Log挖掘等.The World Wide Web serves as huge, widely distributed, global information service center for various applications. Web contains a rich and dynamic collection of hyperlink information and Web page access and usage information, providing rich sources for data mining. The goal of Web mining is to discover the access pattern and hidden information from the huge collection of documents plus hyperlink information, access and usage information. Given in this paper is an overview of Web mining techniques and new trends, mainly involving Web structure mining, a multilayered Web information base building, and Web Log mining.\n",
      "author": "<mark class=highlight>韩家炜</mark>",
      "keywords": "TP3,G35,数据挖掘,Web挖掘,Web仓库,WebLog挖掘,Web使用记录挖掘",
      "citedIndex": 0,
      "publishDate": "2001-04-20",
      "subject": "",
      "sourceDB": "",
      "journals": null,
      "categoryNo": null,
      "fundProject": null
    },
    {
      "id": "NSTLQK_10.1016-j.jconrel.2011.04.004",
      "title": "数据挖掘:概念与技术",
      "summary": "\n\n         ",
      "summaryAll": "\n\n          ",
      "author": "<mark class=highlight>韩家炜</mark>",
      "keywords": "\n\n          ",
      "citedIndex": 0,
      "publishDate": "2001-01-01",
      "subject": "",
      "sourceDB": "",
      "journals": null,
      "categoryNo": null,
      "fundProject": null
    }
  ],
  "patentVO": null,
  "bookVO": [],
  "standardVO": [
    {
      "id": "26",
      "nameCN": "家庭网络 第1部分：系统体系结构及参考模型",
      "nameEN": "Home network―Part 1：System architecture and reference model",
      "standardNo": "GB/T 30246.1-2013",
      "categoryNoCN": "L;L78,电子元器件与信息技术,信息处理技术",
      "categoryNoIN": "33;33.040.40",
      "summary": "本部分适用于家庭或类似的室内场所的网络构建。 ",
      "summaryAll": "本部分适用于家庭或类似的室内场所的网络构建。  ",
      "draftUnit": "",
      "mandatoryStandard": "否",
      "status": "现行",
      "publishDate": "2013-12-31",
      "implementDate": "2014-07-15"
    },
    {
      "id": "27",
      "nameCN": "家庭网络 第2部分：控制终端规范",
      "nameEN": "Home network—Part 2：Control terminal specification",
      "standardNo": "GB/T 30246.2-2013",
      "categoryNoCN": "L;L78,电子元器件与信息技术,信息处理技术",
      "categoryNoIN": "33;33.040.40",
      "summary": "本部分规定了家庭网络系统中控制终端的定义、功能、服务需求、系统模型及要求，为控制终端的",
      "summaryAll": "本部分规定了家庭网络系统中控制终端的定义、功能、服务需求、系统模型及要求，为控制终端的实现提供了技术依据及规范。 本部分适用于家庭或类似的室内场所的网络构建。",
      "draftUnit": "",
      "mandatoryStandard": "否",
      "status": "现行",
      "publishDate": "2013-12-31",
      "implementDate": "2014-07-15"
    },
    {
      "id": "28",
      "nameCN": "家庭网络 第3部分：内部网关规范",
      "nameEN": "Home network—Part 3：Internal gateway specification",
      "standardNo": "GB/T 30246.3-2013",
      "categoryNoCN": "L;L78,电子元器件与信息技术,信息处理技术",
      "categoryNoIN": "33;33.040.40",
      "summary": "本部分提出了家庭内部网关的参考模型、设备类型和通用要求，以及家庭内部多媒体网关、家庭内",
      "summaryAll": "本部分提出了家庭内部网关的参考模型、设备类型和通用要求，以及家庭内部多媒体网关、家庭内部控制网关和家庭内部主网关的功能需求。 本部分适用于家庭内部或类似场所家庭网络中的家庭内部网关设备。",
      "draftUnit": "",
      "mandatoryStandard": "否",
      "status": "现行",
      "publishDate": "2013-12-31",
      "implementDate": "2014-07-15"
    },
    {
      "id": "29",
      "nameCN": "家庭网络 第4部分：终端设备规范 音视频及多媒体设备",
      "nameEN": "Home network―Part 4: Terminal device specification―Audio video and multimedia devices",
      "standardNo": "GB/T 30246.4-2013",
      "categoryNoCN": "L;L78,电子元器件与信息技术,信息处理技术",
      "categoryNoIN": "33;33.040.40",
      "summary": "本部分规定了家庭网络终端音视频及多媒体设备的通用要求，包括功能、流程、安全性等的技术规",
      "summaryAll": "本部分规定了家庭网络终端音视频及多媒体设备的通用要求，包括功能、流程、安全性等的技术规范。 本部分适用于家庭网络及类似场所网络中使用的音视频及多媒体终端设备。",
      "draftUnit": "",
      "mandatoryStandard": "否",
      "status": "现行",
      "publishDate": "2013-12-31",
      "implementDate": "2014-07-15"
    },
    {
      "id": "31",
      "nameCN": "家庭网络 第6部分：多媒体与数据网络通信协议",
      "nameEN": "Home network—Part 6: Multimedia and data network communication protocol",
      "standardNo": "GB/T 30246.6-2013",
      "categoryNoCN": "L;L78,电子元器件与信息技术,信息处理技术",
      "categoryNoIN": "33;33.040.40",
      "summary": "本部分规定了家庭多媒体与数据网络的通信协议，包括交互模型、设备管理、媒体管理、媒体传输",
      "summaryAll": "本部分规定了家庭多媒体与数据网络的通信协议，包括交互模型、设备管理、媒体管理、媒体传输机制以及其与控制网络的跨网应用和通信协议。  ",
      "draftUnit": "",
      "mandatoryStandard": "否",
      "status": "现行",
      "publishDate": "2013-12-31",
      "implementDate": "2014-07-15"
    },
    {
      "id": "33",
      "nameCN": "家庭网络 第8部分：设备描述文件规范 XML格式",
      "nameEN": "Home network—Part 8：Device description file specification—XML format",
      "standardNo": "GB/T 30246.8-2013",
      "categoryNoCN": "L;L78,电子元器件与信息技术,信息处理技术",
      "categoryNoIN": "33;33.040.40",
      "summary": "本部分适用于家庭或类似的室内场所的网络构建。 ",
      "summaryAll": "本部分适用于家庭或类似的室内场所的网络构建。  ",
      "draftUnit": "",
      "mandatoryStandard": "否",
      "status": "现行",
      "publishDate": "2013-12-31",
      "implementDate": "2014-07-15"
    },
    {
      "id": "34",
      "nameCN": "家庭网络 第9部分：设备描述文件规范 二进制格式",
      "nameEN": "Home network―Part 9：Device description file specification―Binary format\n\n",
      "standardNo": "GB/T 30246.9-2013",
      "categoryNoCN": "L;L78,电子元器件与信息技术,信息处理技术",
      "categoryNoIN": "33;33.040.40",
      "summary": "本部分提出了家庭网络设备描述文件的二进制表述形式，规定了二进制形式的设备描述文件的数据",
      "summaryAll": "本部分提出了家庭网络设备描述文件的二进制表述形式，规定了二进制形式的设备描述文件的数据类型、格式和文件结构。 本部分适用于符合家庭控制网络范围内的家庭网络的构建。",
      "draftUnit": "",
      "mandatoryStandard": "否",
      "status": "现行",
      "publishDate": "2013-12-31",
      "implementDate": "2014-07-15"
    },
    {
      "id": "35",
      "nameCN": "家庭网络 第11部分：控制网络接口一致性测试规范",
      "nameEN": "Home network―Part 11：Specification for conformance test of interfaces in control network",
      "standardNo": "GB/T 30246.11-2013",
      "categoryNoCN": "L;L78,电子元器件与信息技术,信息处理技术",
      "categoryNoIN": "33;33.040.40",
      "summary": "本部分规定了家庭控制网络接口的测试方法和检验程序。 本部分适用于家庭网络终端设备、控制",
      "summaryAll": "本部分规定了家庭控制网络接口的测试方法和检验程序。 本部分适用于家庭网络终端设备、控制终端的测试。  ",
      "draftUnit": "",
      "mandatoryStandard": "否",
      "status": "现行",
      "publishDate": "2013-12-31",
      "implementDate": "2014-07-15"
    }
  ]
}