{
  "expertVO": {
    "id": 1972463,
    "name": "Michael I. Jordan",
    "headImg": "/img/expert_logo/2019-04/2019-04-22-10-37-04__3e40059d-c927-4f70-9a44-35f4d687269b.jpg",
    "institution": "UC Berkeley",
    "subjectArea": "计算机科学",
    "country": "美国",
    "totalIssues": 390,
    "totalCitations": 58631,
    "top1Citations": 0.185629,
    "number1": 62,
    "top10Citations": 0.520958,
    "number10": 174,
    "hIndex": 91,
    "journalSend": null,
    "subjectMatch": null,
    "citedSituation": null,
    "fwciinedx": 6.226
  },
  "mapVO": {
    "nodes": [
      {
        "id": "1972463_scholar",
        "name": "Michael I. Jordan",
        "type": "scholar",
        "value": 1,
        "releExpert": null,
        "releSubject": null
      },
      {
        "id": "60025038_affiliation",
        "name": "University of California, Berkeley",
        "type": "affiliation",
        "value": 0.5,
        "releExpert": null,
        "releSubject": null
      },
      {
        "id": "2078059_scholar",
        "name": "Simon Lacoste-Julien",
        "type": "scholar",
        "value": 1,
        "releExpert": null,
        "releSubject": null
      },
      {
        "id": "2046440_scholar",
        "name": "David Kim",
        "type": "scholar",
        "value": 1,
        "releExpert": null,
        "releSubject": null
      },
      {
        "id": "2077978_scholar",
        "name": "Michael Cafarella",
        "type": "scholar",
        "value": 1,
        "releExpert": null,
        "releSubject": null
      },
      {
        "id": "2083856_scholar",
        "name": "Minyu Huang",
        "type": "scholar",
        "value": 1,
        "releExpert": null,
        "releSubject": null
      },
      {
        "id": "14540_scholar",
        "name": "Alexandre D'Aspremont",
        "type": "scholar",
        "value": 1,
        "releExpert": null,
        "releSubject": null
      }
    ],
    "relations": [
      {
        "source": "1972463_scholar",
        "target": "2078059_scholar",
        "value": 1,
        "type": "scholar"
      },
      {
        "source": "1972463_scholar",
        "target": "14540_scholar",
        "value": 1,
        "type": "scholar"
      },
      {
        "source": "1972463_scholar",
        "target": "2077978_scholar",
        "value": 1,
        "type": "scholar"
      },
      {
        "source": "1972463_scholar",
        "target": "2046440_scholar",
        "value": 1,
        "type": "scholar"
      },
      {
        "source": "1972463_scholar",
        "target": "60025038_affiliation",
        "value": 0.5,
        "type": "affiliation"
      },
      {
        "source": "1972463_scholar",
        "target": "2083856_scholar",
        "value": 1,
        "type": "scholar"
      }
    ],
    "expertReco": [
      {
        "id": 356571,
        "name": "Hong Yan",
        "headImg": "/img/null",
        "institution": "City University of Hong Kong",
        "subjectArea": null,
        "country": null,
        "totalIssues": null,
        "totalCitations": null,
        "top1Citations": null,
        "number1": null,
        "top10Citations": null,
        "number10": null,
        "hIndex": null,
        "journalSend": null,
        "subjectMatch": null,
        "citedSituation": null,
        "fwciinedx": null
      },
      {
        "id": 1978600,
        "name": "丁宏强",
        "headImg": "/img/expert_logo/2019-04/2019-04-03-15-45-30__81c3c465-eac2-456f-a20c-031df61a9898.jpg",
        "institution": "University of Texas at Arlington",
        "subjectArea": null,
        "country": null,
        "totalIssues": null,
        "totalCitations": null,
        "top1Citations": null,
        "number1": null,
        "top10Citations": null,
        "number10": null,
        "hIndex": null,
        "journalSend": null,
        "subjectMatch": null,
        "citedSituation": null,
        "fwciinedx": null
      },
      {
        "id": 957989,
        "name": "David Blei",
        "headImg": "/img/expert_logo/2019-04/2019-04-11-14-57-37__4ba8ee2a-4e05-4c2e-ad8b-5fa6a3748ac3.jpg",
        "institution": "Columbia University in the City of New York",
        "subjectArea": null,
        "country": null,
        "totalIssues": null,
        "totalCitations": null,
        "top1Citations": null,
        "number1": null,
        "top10Citations": null,
        "number10": null,
        "hIndex": null,
        "journalSend": null,
        "subjectMatch": null,
        "citedSituation": null,
        "fwciinedx": null
      }
    ],
    "subjectReco": null,
    "journalsReco": null,
    "institutionsReco": [
      "UC"
    ]
  },
  "mapInfo": {
    "nodes": [
      {
        "id": "C018932782_keyword",
        "name": "Knowledge Bases",
        "type": "keyword",
        "value": 1,
        "releExpert": null,
        "releSubject": null
      },
      {
        "id": "1972463_scholar",
        "name": "Michael I. Jordan",
        "type": "scholar",
        "value": 1,
        "releExpert": null,
        "releSubject": null
      },
      {
        "id": "60025038_affiliation",
        "name": "University of California, Berkeley",
        "type": "affiliation",
        "value": 0.5,
        "releExpert": null,
        "releSubject": null
      },
      {
        "id": "2078059_scholar",
        "name": "Simon Lacoste-Julien",
        "type": "scholar",
        "value": 1,
        "releExpert": null,
        "releSubject": null
      },
      {
        "id": "2046440_scholar",
        "name": "David Kim",
        "type": "scholar",
        "value": 1,
        "releExpert": null,
        "releSubject": null
      },
      {
        "id": "C018785928_keyword",
        "name": "Unsupervised learning",
        "type": "keyword",
        "value": 1,
        "releExpert": null,
        "releSubject": null
      },
      {
        "id": "2077978_scholar",
        "name": "Michael Cafarella",
        "type": "scholar",
        "value": 1,
        "releExpert": null,
        "releSubject": null
      },
      {
        "id": "2083856_scholar",
        "name": "Minyu Huang",
        "type": "scholar",
        "value": 1,
        "releExpert": null,
        "releSubject": null
      },
      {
        "id": "14540_scholar",
        "name": "Alexandre D'Aspremont",
        "type": "scholar",
        "value": 1,
        "releExpert": null,
        "releSubject": null
      },
      {
        "id": "651524_keyword",
        "name": "Entity",
        "type": "keyword",
        "value": 0.75,
        "releExpert": null,
        "releSubject": null
      },
      {
        "id": "C018968123_keyword",
        "name": "greedy algorithm",
        "type": "keyword",
        "value": 0.75,
        "releExpert": null,
        "releSubject": null
      },
      {
        "id": "C018891093_keyword",
        "name": "Alignment",
        "type": "keyword",
        "value": 0.75,
        "releExpert": null,
        "releSubject": null
      }
    ],
    "relations": [
      {
        "source": "1972463_scholar",
        "target": "2078059_scholar",
        "value": 1,
        "type": "scholar"
      },
      {
        "source": "1972463_scholar",
        "target": "14540_scholar",
        "value": 1,
        "type": "scholar"
      },
      {
        "source": "2078059_scholar",
        "target": "651524_keyword",
        "value": 0.75,
        "type": "keyword"
      },
      {
        "source": "2078059_scholar",
        "target": "C018785928_keyword",
        "value": 1,
        "type": "keyword"
      },
      {
        "source": "1972463_scholar",
        "target": "2077978_scholar",
        "value": 1,
        "type": "scholar"
      },
      {
        "source": "1972463_scholar",
        "target": "2046440_scholar",
        "value": 1,
        "type": "scholar"
      },
      {
        "source": "2078059_scholar",
        "target": "C018968123_keyword",
        "value": 0.75,
        "type": "keyword"
      },
      {
        "source": "2078059_scholar",
        "target": "C018932782_keyword",
        "value": 1,
        "type": "keyword"
      },
      {
        "source": "1972463_scholar",
        "target": "60025038_affiliation",
        "value": 0.5,
        "type": "affiliation"
      },
      {
        "source": "1972463_scholar",
        "target": "2083856_scholar",
        "value": 1,
        "type": "scholar"
      },
      {
        "source": "2078059_scholar",
        "target": "C018891093_keyword",
        "value": 0.75,
        "type": "keyword"
      }
    ],
    "expertReco": null,
    "subjectReco": null,
    "journalsReco": null,
    "institutionsReco": null
  },
  "paperVO": [],
  "patentVO": null,
  "bookVO": [],
  "standardVO": []
}