{
  "expertVO": {
    "id": 1882157,
    "name": "Sebastian Thrun",
    "headImg": "/img/1882157.jpg",
    "institution": "Stanford University",
    "subjectArea": "计算机科学",
    "country": "美国",
    "totalIssues": 260,
    "totalCitations": 28358,
    "top1Citations": 0.223077,
    "number1": 58,
    "top10Citations": 0.580769,
    "number10": 151,
    "hIndex": 83,
    "journalSend": null,
    "subjectMatch": null,
    "citedSituation": null,
    "fwciinedx": 7.35
  },
  "mapVO": {
    "nodes": [
      {
        "id": "C020042120_keyword",
        "name": "Machine Learning",
        "type": "keyword",
        "value": 1,
        "releExpert": null,
        "releSubject": null
      },
      {
        "id": "2002170_scholar",
        "name": "Rodney allen Brooks",
        "type": "scholar",
        "value": 1,
        "releExpert": null,
        "releSubject": null
      },
      {
        "id": "407323_keyword",
        "name": "Deep learning",
        "type": "keyword",
        "value": 1,
        "releExpert": null,
        "releSubject": null
      },
      {
        "id": "2067390_scholar",
        "name": "Pieter Abbeel",
        "type": "scholar",
        "value": 1,
        "releExpert": null,
        "releSubject": null
      },
      {
        "id": "1926352_scholar",
        "name": "Martial Hebert",
        "type": "scholar",
        "value": 1,
        "releExpert": null,
        "releSubject": null
      },
      {
        "id": "1997754_scholar",
        "name": "Dieter Fox",
        "type": "scholar",
        "value": 1,
        "releExpert": null,
        "releSubject": null
      },
      {
        "id": "C020039005_keyword",
        "name": "Neural network",
        "type": "keyword",
        "value": 1,
        "releExpert": null,
        "releSubject": null
      },
      {
        "id": "C020031749_keyword",
        "name": "Perception",
        "type": "keyword",
        "value": 0.75,
        "releExpert": null,
        "releSubject": null
      },
      {
        "id": "60012708_affiliation",
        "name": "Stanford University",
        "type": "affiliation",
        "value": 0.5,
        "releExpert": null,
        "releSubject": null
      },
      {
        "id": "C020032888_keyword",
        "name": "Robot",
        "type": "keyword",
        "value": 1,
        "releExpert": null,
        "releSubject": null
      },
      {
        "id": "29810_scholar",
        "name": "Karen Havenstrite",
        "type": "scholar",
        "value": 1,
        "releExpert": null,
        "releSubject": null
      },
      {
        "id": "1882157_scholar",
        "name": "Sebastian Thrun",
        "type": "scholar",
        "value": 1,
        "releExpert": null,
        "releSubject": null
      }
    ],
    "relations": [
      {
        "source": "1882157_scholar",
        "target": "60012708_affiliation",
        "value": 0.5,
        "type": "affiliation"
      },
      {
        "source": "1882157_scholar",
        "target": "407323_keyword",
        "value": 1,
        "type": "keyword"
      },
      {
        "source": "1882157_scholar",
        "target": "2067390_scholar",
        "value": 1,
        "type": "scholar"
      },
      {
        "source": "1882157_scholar",
        "target": "C020031749_keyword",
        "value": 0.75,
        "type": "keyword"
      },
      {
        "source": "1882157_scholar",
        "target": "1926352_scholar",
        "value": 1,
        "type": "scholar"
      },
      {
        "source": "1882157_scholar",
        "target": "C020032888_keyword",
        "value": 1,
        "type": "keyword"
      },
      {
        "source": "1882157_scholar",
        "target": "1997754_scholar",
        "value": 1,
        "type": "scholar"
      },
      {
        "source": "1882157_scholar",
        "target": "29810_scholar",
        "value": 1,
        "type": "scholar"
      },
      {
        "source": "1882157_scholar",
        "target": "C020042120_keyword",
        "value": 1,
        "type": "keyword"
      },
      {
        "source": "1882157_scholar",
        "target": "2002170_scholar",
        "value": 1,
        "type": "scholar"
      },
      {
        "source": "1882157_scholar",
        "target": "C020039005_keyword",
        "value": 1,
        "type": "keyword"
      }
    ],
    "expertReco": [
      {
        "id": 2017250,
        "name": "曹进德",
        "headImg": "/img/domain_logo/2017250.jpg",
        "institution": "Southeast University",
        "subjectArea": null,
        "country": null,
        "totalIssues": null,
        "totalCitations": null,
        "top1Citations": null,
        "number1": null,
        "top10Citations": null,
        "number10": null,
        "hIndex": null,
        "journalSend": null,
        "subjectMatch": null,
        "citedSituation": null,
        "fwciinedx": null
      },
      {
        "id": 914005,
        "name": "王子栋",
        "headImg": "/img/expert_logo/2019-03/2019-03-21-13-26-15__512381b6-9622-4ec3-8ccc-3e1e534cc672.jpg",
        "institution": "Brunel University London",
        "subjectArea": null,
        "country": null,
        "totalIssues": null,
        "totalCitations": null,
        "top1Citations": null,
        "number1": null,
        "top10Citations": null,
        "number10": null,
        "hIndex": null,
        "journalSend": null,
        "subjectMatch": null,
        "citedSituation": null,
        "fwciinedx": null
      },
      {
        "id": 376304,
        "name": "黄煦涛",
        "headImg": "/img/domain_logo/35513984600.jpg",
        "institution": "University of Illinois at Urbana-Champaign",
        "subjectArea": null,
        "country": null,
        "totalIssues": null,
        "totalCitations": null,
        "top1Citations": null,
        "number1": null,
        "top10Citations": null,
        "number10": null,
        "hIndex": null,
        "journalSend": null,
        "subjectMatch": null,
        "citedSituation": null,
        "fwciinedx": null
      }
    ],
    "subjectReco": [
      "Robot",
      "Perception",
      "Machine learning",
      "Neural network"
    ],
    "journalsReco": null,
    "institutionsReco": null
  },
  "mapInfo": {
    "nodes": [
      {
        "id": "2067390_scholar",
        "name": "Pieter Abbeel",
        "type": "scholar",
        "value": 1,
        "releExpert": null,
        "releSubject": null
      },
      {
        "id": "157617_scholar",
        "name": "Qinglai Wei",
        "type": "scholar",
        "value": 0.57471,
        "releExpert": null,
        "releSubject": null
      },
      {
        "id": "C018838938_keyword",
        "name": "Visual servoing",
        "type": "keyword",
        "value": 0.9346,
        "releExpert": null,
        "releSubject": null
      },
      {
        "id": "6231884_scholar",
        "name": "Nicolas christian Buchs",
        "type": "scholar",
        "value": 0.52174,
        "releExpert": null,
        "releSubject": null
      },
      {
        "id": "224496_scholar",
        "name": "Frank Lewis",
        "type": "scholar",
        "value": 0.66667,
        "releExpert": null,
        "releSubject": null
      },
      {
        "id": "C018811890_keyword",
        "name": "Genetic Algorithm (GA)",
        "type": "keyword",
        "value": 1,
        "releExpert": null,
        "releSubject": null
      },
      {
        "id": "407323_keyword",
        "name": "Deep learning",
        "type": "keyword",
        "value": 1,
        "releExpert": null,
        "releSubject": null
      },
      {
        "id": "C020031284_keyword",
        "name": "robotics",
        "type": "keyword",
        "value": 0.9257,
        "releExpert": null,
        "releSubject": null
      },
      {
        "id": "305302_keyword",
        "name": "Convolutional neural network",
        "type": "keyword",
        "value": 0.9467,
        "releExpert": null,
        "releSubject": null
      },
      {
        "id": "2038492_scholar",
        "name": "Michael Cohen",
        "type": "scholar",
        "value": 1,
        "releExpert": null,
        "releSubject": null
      },
      {
        "id": "C020031314_keyword",
        "name": "Supervised learning",
        "type": "keyword",
        "value": 0.6,
        "releExpert": null,
        "releSubject": null
      },
      {
        "id": "826141_scholar",
        "name": "Tom Williamson ",
        "type": "scholar",
        "value": 1,
        "releExpert": null,
        "releSubject": null
      },
      {
        "id": "2111090_scholar",
        "name": "Christian Plagemann",
        "type": "scholar",
        "value": 1,
        "releExpert": null,
        "releSubject": null
      },
      {
        "id": "1926352_scholar",
        "name": "Martial Hebert",
        "type": "scholar",
        "value": 1,
        "releExpert": null,
        "releSubject": null
      },
      {
        "id": "C018819637_keyword",
        "name": "Support Vector Machines",
        "type": "keyword",
        "value": 1,
        "releExpert": null,
        "releSubject": null
      },
      {
        "id": "C020039005_keyword",
        "name": "Neural network",
        "type": "keyword",
        "value": 1,
        "releExpert": null,
        "releSubject": null
      },
      {
        "id": "867168_scholar",
        "name": "王鼎",
        "type": "scholar",
        "value": 0.64943,
        "releExpert": null,
        "releSubject": null
      },
      {
        "id": "715311_scholar",
        "name": "周志华",
        "type": "scholar",
        "value": 1,
        "releExpert": null,
        "releSubject": null
      },
      {
        "id": "23592_scholar",
        "name": "Diane Cook",
        "type": "scholar",
        "value": 0.55833,
        "releExpert": null,
        "releSubject": null
      },
      {
        "id": "6594633_scholar",
        "name": "Robert Bogue ",
        "type": "scholar",
        "value": 1,
        "releExpert": null,
        "releSubject": null
      },
      {
        "id": "C020043284_keyword",
        "name": "adaptive control",
        "type": "keyword",
        "value": 0.8656,
        "releExpert": null,
        "releSubject": null
      },
      {
        "id": "1076235_scholar",
        "name": "Jie Zhao ",
        "type": "scholar",
        "value": 0.54348,
        "releExpert": null,
        "releSubject": null
      },
      {
        "id": "C020042104_keyword",
        "name": "Artificial Intelligence",
        "type": "keyword",
        "value": 0.9436,
        "releExpert": null,
        "releSubject": null
      },
      {
        "id": "29810_scholar",
        "name": "Karen Havenstrite",
        "type": "scholar",
        "value": 1,
        "releExpert": null,
        "releSubject": null
      },
      {
        "id": "2027991_scholar",
        "name": "余昭旭",
        "type": "scholar",
        "value": 1,
        "releExpert": null,
        "releSubject": null
      },
      {
        "id": "2002170_scholar",
        "name": "Rodney allen Brooks",
        "type": "scholar",
        "value": 1,
        "releExpert": null,
        "releSubject": null
      },
      {
        "id": "C020031244_keyword",
        "name": "Path planning",
        "type": "keyword",
        "value": 1,
        "releExpert": null,
        "releSubject": null
      },
      {
        "id": "1897078_scholar",
        "name": "Patricia Melin",
        "type": "scholar",
        "value": 0.50575,
        "releExpert": null,
        "releSubject": null
      },
      {
        "id": "C020037235_keyword",
        "name": "data mining",
        "type": "keyword",
        "value": 0.9552,
        "releExpert": null,
        "releSubject": null
      },
      {
        "id": "C020031749_keyword",
        "name": "Perception",
        "type": "keyword",
        "value": 0.75,
        "releExpert": null,
        "releSubject": null
      },
      {
        "id": "2046901_scholar",
        "name": "Zhiming Wang",
        "type": "scholar",
        "value": 0.66667,
        "releExpert": null,
        "releSubject": null
      },
      {
        "id": "25517_scholar",
        "name": "Dan Goldman",
        "type": "scholar",
        "value": 1,
        "releExpert": null,
        "releSubject": null
      },
      {
        "id": "C020043191_keyword",
        "name": "computer vision",
        "type": "keyword",
        "value": 1,
        "releExpert": null,
        "releSubject": null
      },
      {
        "id": "2125473_scholar",
        "name": "Neil Lawrence",
        "type": "scholar",
        "value": 1,
        "releExpert": null,
        "releSubject": null
      },
      {
        "id": "C018918649_keyword",
        "name": "Feature extraction",
        "type": "keyword",
        "value": 0.873,
        "releExpert": null,
        "releSubject": null
      },
      {
        "id": "2091182_scholar",
        "name": "Chee khiang Pang ",
        "type": "scholar",
        "value": 0.66667,
        "releExpert": null,
        "releSubject": null
      },
      {
        "id": "60012708_affiliation",
        "name": "Stanford University",
        "type": "affiliation",
        "value": 0.5,
        "releExpert": null,
        "releSubject": null
      },
      {
        "id": "1673137_scholar",
        "name": "Ozgur Kisi",
        "type": "scholar",
        "value": 0.52874,
        "releExpert": null,
        "releSubject": null
      },
      {
        "id": "C020032888_keyword",
        "name": "Robot",
        "type": "keyword",
        "value": 1,
        "releExpert": null,
        "releSubject": null
      },
      {
        "id": "1882157_scholar",
        "name": "Sebastian Thrun",
        "type": "scholar",
        "value": 1,
        "releExpert": null,
        "releSubject": null
      },
      {
        "id": "3155388_scholar",
        "name": "Rupert Egensperger",
        "type": "scholar",
        "value": 1,
        "releExpert": null,
        "releSubject": null
      },
      {
        "id": "932921_scholar",
        "name": "刘德荣",
        "type": "scholar",
        "value": 1,
        "releExpert": null,
        "releSubject": null
      },
      {
        "id": "C018785928_keyword",
        "name": "Unsupervised learning",
        "type": "keyword",
        "value": 0.8,
        "releExpert": null,
        "releSubject": null
      },
      {
        "id": "23586_keyword",
        "name": "Scene understanding",
        "type": "keyword",
        "value": 1,
        "releExpert": null,
        "releSubject": null
      },
      {
        "id": "60015481_affiliation",
        "name": "University of Washington, Seattle",
        "type": "affiliation",
        "value": 0.5,
        "releExpert": null,
        "releSubject": null
      },
      {
        "id": "2079372_scholar",
        "name": "Shwetak Patel",
        "type": "scholar",
        "value": 1,
        "releExpert": null,
        "releSubject": null
      },
      {
        "id": "1278002_scholar",
        "name": "yì Wáng",
        "type": "scholar",
        "value": 1,
        "releExpert": null,
        "releSubject": null
      },
      {
        "id": "138174_scholar",
        "name": "Chengdong Wu",
        "type": "scholar",
        "value": 0.54348,
        "releExpert": null,
        "releSubject": null
      },
      {
        "id": "410277_scholar",
        "name": "Min Liu",
        "type": "scholar",
        "value": 1,
        "releExpert": null,
        "releSubject": null
      },
      {
        "id": "433065_scholar",
        "name": "吴翠红",
        "type": "scholar",
        "value": 1,
        "releExpert": null,
        "releSubject": null
      },
      {
        "id": "C020042120_keyword",
        "name": "Machine Learning",
        "type": "keyword",
        "value": 1,
        "releExpert": null,
        "releSubject": null
      },
      {
        "id": "366996_scholar",
        "name": "Michal Wozniak",
        "type": "scholar",
        "value": 0.90833,
        "releExpert": null,
        "releSubject": null
      },
      {
        "id": "381285_scholar",
        "name": "André de",
        "type": "scholar",
        "value": 0.50833,
        "releExpert": null,
        "releSubject": null
      },
      {
        "id": "2049173_scholar",
        "name": "Liyuan Li",
        "type": "scholar",
        "value": 0.66667,
        "releExpert": null,
        "releSubject": null
      },
      {
        "id": "87177_scholar",
        "name": "Wenling Jiao ",
        "type": "scholar",
        "value": 1,
        "releExpert": null,
        "releSubject": null
      },
      {
        "id": "1888596_scholar",
        "name": "Taghi Khoshgoftaar",
        "type": "scholar",
        "value": 0.575,
        "releExpert": null,
        "releSubject": null
      },
      {
        "id": "1997754_scholar",
        "name": "Dieter Fox",
        "type": "scholar",
        "value": 1,
        "releExpert": null,
        "releSubject": null
      },
      {
        "id": "417721_scholar",
        "name": "Bin Li",
        "type": "scholar",
        "value": 0.54348,
        "releExpert": null,
        "releSubject": null
      },
      {
        "id": "432115_scholar",
        "name": "葛晓敏",
        "type": "scholar",
        "value": 1,
        "releExpert": null,
        "releSubject": null
      }
    ],
    "relations": [
      {
        "source": "C020032888_keyword",
        "target": "6594633_scholar",
        "value": 1,
        "type": "scholar"
      },
      {
        "source": "C020042120_keyword",
        "target": "23592_scholar",
        "value": 0.55833,
        "type": "scholar"
      },
      {
        "source": "C020039005_keyword",
        "target": "2091182_scholar",
        "value": 0.66667,
        "type": "scholar"
      },
      {
        "source": "C020042120_keyword",
        "target": "715311_scholar",
        "value": 1,
        "type": "scholar"
      },
      {
        "source": "C020039005_keyword",
        "target": "432115_scholar",
        "value": 1,
        "type": "scholar"
      },
      {
        "source": "C020032888_keyword",
        "target": "6231884_scholar",
        "value": 0.52174,
        "type": "scholar"
      },
      {
        "source": "C020039005_keyword",
        "target": "C020043284_keyword",
        "value": 0.8656,
        "type": "keyword"
      },
      {
        "source": "1882157_scholar",
        "target": "407323_keyword",
        "value": 1,
        "type": "keyword"
      },
      {
        "source": "1882157_scholar",
        "target": "2067390_scholar",
        "value": 1,
        "type": "scholar"
      },
      {
        "source": "C020039005_keyword",
        "target": "2049173_scholar",
        "value": 0.66667,
        "type": "scholar"
      },
      {
        "source": "C020042120_keyword",
        "target": "1888596_scholar",
        "value": 0.575,
        "type": "scholar"
      },
      {
        "source": "1997754_scholar",
        "target": "2079372_scholar",
        "value": 1,
        "type": "scholar"
      },
      {
        "source": "C020039005_keyword",
        "target": "867168_scholar",
        "value": 0.64943,
        "type": "scholar"
      },
      {
        "source": "C020039005_keyword",
        "target": "2027991_scholar",
        "value": 1,
        "type": "scholar"
      },
      {
        "source": "1926352_scholar",
        "target": "C018785928_keyword",
        "value": 0.8,
        "type": "keyword"
      },
      {
        "source": "C020032888_keyword",
        "target": "417721_scholar",
        "value": 0.54348,
        "type": "scholar"
      },
      {
        "source": "C020032888_keyword",
        "target": "C020031244_keyword",
        "value": 1,
        "type": "keyword"
      },
      {
        "source": "C020039005_keyword",
        "target": "1673137_scholar",
        "value": 0.52874,
        "type": "scholar"
      },
      {
        "source": "1882157_scholar",
        "target": "1997754_scholar",
        "value": 1,
        "type": "scholar"
      },
      {
        "source": "1882157_scholar",
        "target": "29810_scholar",
        "value": 1,
        "type": "scholar"
      },
      {
        "source": "C020039005_keyword",
        "target": "932921_scholar",
        "value": 1,
        "type": "scholar"
      },
      {
        "source": "1882157_scholar",
        "target": "C020039005_keyword",
        "value": 1,
        "type": "keyword"
      },
      {
        "source": "C020042120_keyword",
        "target": "366996_scholar",
        "value": 0.90833,
        "type": "scholar"
      },
      {
        "source": "1882157_scholar",
        "target": "60012708_affiliation",
        "value": 0.5,
        "type": "affiliation"
      },
      {
        "source": "1926352_scholar",
        "target": "C020043191_keyword",
        "value": 1,
        "type": "keyword"
      },
      {
        "source": "1882157_scholar",
        "target": "1926352_scholar",
        "value": 1,
        "type": "scholar"
      },
      {
        "source": "1882157_scholar",
        "target": "C020032888_keyword",
        "value": 1,
        "type": "keyword"
      },
      {
        "source": "C020039005_keyword",
        "target": "C018811890_keyword",
        "value": 1,
        "type": "keyword"
      },
      {
        "source": "C020039005_keyword",
        "target": "410277_scholar",
        "value": 1,
        "type": "scholar"
      },
      {
        "source": "C020039005_keyword",
        "target": "87177_scholar",
        "value": 1,
        "type": "scholar"
      },
      {
        "source": "1926352_scholar",
        "target": "23586_keyword",
        "value": 1,
        "type": "keyword"
      },
      {
        "source": "C020039005_keyword",
        "target": "2046901_scholar",
        "value": 0.66667,
        "type": "scholar"
      },
      {
        "source": "C020039005_keyword",
        "target": "157617_scholar",
        "value": 0.57471,
        "type": "scholar"
      },
      {
        "source": "C020039005_keyword",
        "target": "433065_scholar",
        "value": 1,
        "type": "scholar"
      },
      {
        "source": "1997754_scholar",
        "target": "2038492_scholar",
        "value": 1,
        "type": "scholar"
      },
      {
        "source": "1997754_scholar",
        "target": "25517_scholar",
        "value": 1,
        "type": "scholar"
      },
      {
        "source": "1997754_scholar",
        "target": "2125473_scholar",
        "value": 1,
        "type": "scholar"
      },
      {
        "source": "C020042120_keyword",
        "target": "381285_scholar",
        "value": 0.50833,
        "type": "scholar"
      },
      {
        "source": "C020032888_keyword",
        "target": "138174_scholar",
        "value": 0.54348,
        "type": "scholar"
      },
      {
        "source": "C020042120_keyword",
        "target": "C018819637_keyword",
        "value": 1,
        "type": "keyword"
      },
      {
        "source": "C020032888_keyword",
        "target": "1076235_scholar",
        "value": 0.54348,
        "type": "scholar"
      },
      {
        "source": "1926352_scholar",
        "target": "C020031314_keyword",
        "value": 0.6,
        "type": "keyword"
      },
      {
        "source": "C020039005_keyword",
        "target": "1897078_scholar",
        "value": 0.50575,
        "type": "scholar"
      },
      {
        "source": "1882157_scholar",
        "target": "2002170_scholar",
        "value": 1,
        "type": "scholar"
      },
      {
        "source": "1997754_scholar",
        "target": "2111090_scholar",
        "value": 1,
        "type": "scholar"
      },
      {
        "source": "C020039005_keyword",
        "target": "1278002_scholar",
        "value": 1,
        "type": "scholar"
      },
      {
        "source": "C020039005_keyword",
        "target": "224496_scholar",
        "value": 0.66667,
        "type": "scholar"
      },
      {
        "source": "1882157_scholar",
        "target": "C020031749_keyword",
        "value": 0.75,
        "type": "keyword"
      },
      {
        "source": "C020032888_keyword",
        "target": "C020031284_keyword",
        "value": 0.9257,
        "type": "keyword"
      },
      {
        "source": "C020032888_keyword",
        "target": "C020042104_keyword",
        "value": 0.9436,
        "type": "keyword"
      },
      {
        "source": "1882157_scholar",
        "target": "C020042120_keyword",
        "value": 1,
        "type": "keyword"
      },
      {
        "source": "C020032888_keyword",
        "target": "3155388_scholar",
        "value": 1,
        "type": "scholar"
      },
      {
        "source": "1997754_scholar",
        "target": "60015481_affiliation",
        "value": 0.5,
        "type": "affiliation"
      },
      {
        "source": "C020032888_keyword",
        "target": "C018838938_keyword",
        "value": 0.9346,
        "type": "keyword"
      },
      {
        "source": "C020032888_keyword",
        "target": "826141_scholar",
        "value": 1,
        "type": "scholar"
      },
      {
        "source": "407323_keyword",
        "target": "305302_keyword",
        "value": 0.9467,
        "type": "keyword"
      },
      {
        "source": "C020042120_keyword",
        "target": "C020037235_keyword",
        "value": 0.9552,
        "type": "keyword"
      },
      {
        "source": "C020039005_keyword",
        "target": "C018918649_keyword",
        "value": 0.873,
        "type": "keyword"
      }
    ],
    "expertReco": null,
    "subjectReco": null,
    "journalsReco": null,
    "institutionsReco": null
  },
  "paperVO": [
    {
      "id": "NSTLQK_NSTL_QKJJ022958706",
      "title": "Stanley: The Robot that Won the DARPA Grand Challenge",
      "summary": "This article describes the robot Stanley, w",
      "summaryAll": "This article describes the robot Stanley, which won the 2005 DARPA Grand Challenge. Stanley was developed for high-speed desert driving without manual intervention. The robot's software system relied predominately on state-of-the-art artificial intelligence technologies, such as machine learning and probabilistic reasoning. This paper describes the major components of this architecture, and discusses the results of the Grand Challenge race.",
      "author": "<mark class=highlight>Sebastian Thrun</mark>",
      "keywords": "\n\n          ",
      "citedIndex": 0,
      "publishDate": "2006-01-01",
      "subject": "",
      "sourceDB": "",
      "journals": null,
      "categoryNo": null,
      "fundProject": null
    }
  ],
  "patentVO": null,
  "bookVO": [],
  "standardVO": []
}