{
  "subjectVO": {
    "id": "50150",
    "subjectWord": "推荐系统",
    "subjectWordEn": null,
    "wiki": "推荐系统是利用电子商务网站向客户提供商品信息和建议，帮助用户决定应该购买什么产品，模拟销售人员帮助客户完成购买过程。个性化推荐是根据用户的兴趣特点和购买行为，向用户推荐用户感兴趣的信息和商品。"
  },
  "mapVO": {
    "nodes": [
      {
        "id": "1909015_scholar",
        "name": "Wolfgang Schade",
        "type": "scholar",
        "value": 1,
        "releExpert": null,
        "releSubject": null
      },
      {
        "id": "5015007_keyword",
        "name": "CBRE-test",
        "type": "keyword",
        "value": 1,
        "releExpert": null,
        "releSubject": null
      }
    ],
    "relations": [
      {
        "source": "5015007_keyword",
        "target": "1909015_scholar",
        "value": 1,
        "type": "scholar"
      }
    ],
    "expertReco": null,
    "subjectReco": [
      "Collaborative filtering",
      "Data mining",
      "Matrix decomposition"
    ],
    "journalsReco": [
      "Soft Computing",
      "Neurocomputing",
      "ACM International Conference Proceeding Series"
    ],
    "institutionsReco": null
  },
  "mapInfo": {
    "nodes": [
      {
        "id": "C018784962_keyword",
        "name": "stoichiometry",
        "type": "keyword",
        "value": 0.75,
        "releExpert": null,
        "releSubject": null
      },
      {
        "id": "C019204842_keyword",
        "name": "principal components analysis",
        "type": "keyword",
        "value": 1,
        "releExpert": null,
        "releSubject": null
      },
      {
        "id": "C020039005_keyword",
        "name": "Neural network",
        "type": "keyword",
        "value": 1,
        "releExpert": null,
        "releSubject": null
      },
      {
        "id": "772729_keyword",
        "name": "Bacteria identification",
        "type": "keyword",
        "value": 0.75,
        "releExpert": null,
        "releSubject": null
      },
      {
        "id": "1909015_scholar",
        "name": "Wolfgang Schade",
        "type": "scholar",
        "value": 1,
        "releExpert": null,
        "releSubject": null
      },
      {
        "id": "C018844334_keyword",
        "name": "detonation hazard",
        "type": "keyword",
        "value": 0.75,
        "releExpert": null,
        "releSubject": null
      },
      {
        "id": "5015007_keyword",
        "name": "CBRE-test",
        "type": "keyword",
        "value": 1,
        "releExpert": null,
        "releSubject": null
      }
    ],
    "relations": [
      {
        "source": "1909015_scholar",
        "target": "C018844334_keyword",
        "value": 0.75,
        "type": "keyword"
      },
      {
        "source": "1909015_scholar",
        "target": "772729_keyword",
        "value": 0.75,
        "type": "keyword"
      },
      {
        "source": "5015007_keyword",
        "target": "1909015_scholar",
        "value": 1,
        "type": "scholar"
      },
      {
        "source": "1909015_scholar",
        "target": "C018784962_keyword",
        "value": 0.75,
        "type": "keyword"
      },
      {
        "source": "1909015_scholar",
        "target": "C020039005_keyword",
        "value": 1,
        "type": "keyword"
      },
      {
        "source": "1909015_scholar",
        "target": "C019204842_keyword",
        "value": 1,
        "type": "keyword"
      }
    ],
    "expertReco": null,
    "subjectReco": null,
    "journalsReco": null,
    "institutionsReco": null
  },
  "paperVO": [
    {
      "id": "Periodical_jsjxb201901002",
      "title": "MN-HDRM:长短兴趣多神经网络混合动态推荐模型",
      "summary": "动态<mark class=highlight>推荐系统</mark>通过学习动态变化的兴趣特征来考虑<mark class=highlight>推荐系统</mark>中的动态因素,实现推荐任务随着时间变化而实时更新",
      "summaryAll": "动态推荐系统通过学习动态变化的兴趣特征来考虑推荐系统中的动态因素,实现推荐任务随着时间变化而实时更新.该文提出一种携带历史元素的循环神经网络(Recurrent Neural Networks,简称RNN)推荐模型负责用户短期动态兴趣建模,而利用基于前馈神经网络(Feedforward Neural Networks,简称FNN)的推荐模型对用户长期兴趣建模.通过两种神经网络的融合,该文构建了一个兼顾用户短期动态兴趣和稳定长期兴趣的多神经网络混合动态推荐模型(Hybrid Dynamic Recommendation Model based on Multiple Neural Networks,简称MN-HDRM).实验结果表明相对于目前比较流行的多种动态推荐算法:TimeSVD++、基于HMM(Hidden Markov Model)的推荐模型、基于RNN(Recurrent Neural Networks)的推荐模型、基于LSTM(Long Short-Term Memory)的推荐模型和STG(Session-based Temporal Graph)推荐模型,MN-HDRM在精确率、召回率和平均倒数排名等多项评价指标上展现出更加优越的性能.Recommendation system is a kind of automatic information retrieval technology to solve the problem of information overload in the Internet large data scene.However the traditional recommendation systems based on collaborative filtering model, such as the matrix decomposition obtain user hidden features by learning user history data to learn the user and recommend items on the basis of these hidden features to be in accordance with the needs of users.In today's mobile Internet environment, the traditional recommendation system has been difficult to cope with the rapid migration of user interests, so the dynamic recommendation system came into being.Dynamic recommendation system introduces dynamic factors into recommendation system by learning dynamic changed characteristics so that the recommended tasks can be updated in real time.The dynamic recommendation model mainly depends on the temporal data, that is, the user's historical behavior data with time stamp.Therefore, it is helpful to understand the dynamic features of users'interest in order to improve the accuracy of personalized recommendation.The recommendation system based on recurrent neural network can be used to find out the user's historical behavior patterns, so as to find out the rules of user interest transfer.In this paper, we researches the dynamic problems of the recommendation system and put forward the concept of user behavior term.Recurrent neural network will be introduced into the field of dynamic recommendation system;user behavior history data can be split into segmentation of user behavior term to learn model parameters about the short-term interest related learning neural network structure of the user.We make the further improvement for the recommendation system model based on recurrent neural network by add historical element composed of the behavior of user term data, used to store the historical term behavior, in order to improve traceability of historical information of recurrent neural network.At the same time, we put forward to increase the Embedding layer and Dropout layer to alleviate the overfitting problem of neural network training in recurrent neural network.We propose a novel recommendation model, Hybrid Dynamic Recommendation Model based on Multiple Neural Networks, referred to as MN-HDRM, which fuses two kinds of neural networks:RNN and FNN, into one neural network, to help recommender take into account the influence of the user's long-term interest.MN-HDRM recommendation system is combined with the characteristics of two kinds of neural network of recurrent neural network and feedforward neural network, integrated of short-term interest factors of user behavior under short-term condition and long-term interest factors under the users'global environment, to achieve dynamic balance between long-term and short-term preference in recommender systems.At the same time, in the paper we choose the Bayesian Personalized Ranking (BPR) as the objective function for best recommended items list, in order to achieve the best results in Top-N recommendation.The experiment results show that MN-HDRM has more superior performance on precision, recall and MRRcompared to current popular dynamic recommendation algorithms, such as TimeSVD++, HMM (Hidden Markov Model) based model, RNN (Recurrent Neural Networks) based model, LSTM (Long Short-Term Memory) based model and STG (Session-based Temporal Graph) recommendation model.",
      "author": "冯永",
      "keywords": "循环神经网络,前馈神经网络,动态推荐模型,长短期兴趣,时间因素,recurrent neural network,feedforward neural network,dynamic recommendation model,long-short-term interest,time factor",
      "citedIndex": 0,
      "publishDate": "2019-01-01",
      "subject": "",
      "sourceDB": "",
      "journals": null,
      "categoryNo": null,
      "fundProject": null
    },
    {
      "id": "Periodical_jsjgcyyy201809019",
      "title": "基于多分段改进PCC的协同过滤算法",
      "summary": "large number of available information, <mark class=highlight>recommender</mark>",
      "summaryAll": "随着互联网的快速发展,大量各式各样的信息呈爆发式增长,导致了信息过载.如今,推荐系统可以通过分析大量的可用信息帮助用户找到他们感兴趣的对象.其中,协同过滤算法是推荐系统中使用得最广泛的推荐算法.但是,协同过滤推荐算法在推荐的准确度上还有待改进.提出了一种基于多分段改进PCC的协同过滤推荐算法,用于提高推荐系统的准确度.提出的方法将根据用户公共项目数和PCC阈值,对PCC算法进行分段计算并改进结果.最后的实验结果表明,该方法的推荐效果要优于其他传统的推荐方法.With the rapid development of the Internet,a large variety of information has exploded,and resulting in infor-mation overload. Now, by analyzing a large number of available information, recommender systems can help users find things they are interested.And collaborative filtering is the most widely used approach in the recommendation systems. However,its accuracy of recommendation is still needed to be improved.In this paper,a novel effective collaborative filtering algorithm based on segmented and improved PCC is proposed to improve the accuracy of the recommendation system.The number of co-items and the PCC threshold is used to calculate and improve the results of the PCC in this method.Finally,the experimental results show that the proposed method is better than other traditional methods.",
      "author": "张沪寅",
      "keywords": "<mark class=highlight>推荐系统</mark>,协同过滤,相似度,分段,<mark class=highlight>recommender</mark> system,collaborative",
      "citedIndex": 0,
      "publishDate": "2018-09-01",
      "subject": "",
      "sourceDB": "",
      "journals": null,
      "categoryNo": null,
      "fundProject": null
    },
    {
      "id": "Periodical_jsjkxyts201806002",
      "title": "基于集成局部性特征学习的推荐算法",
      "summary": "结果表明该算法显著优于经典的基于矩阵分解的推荐算法,并且该算法将深度学习用于<mark class=highlight>推荐系统</mark>中",
      "summaryAll": "以往的协同过滤方法大部分采用基于矩阵分解的方法来学习用户和商品的隐性特征表示,但是基于矩阵分解的方法没有完全利用评分信息,导致不好的效果.近年来,深度学习已经在自然语言处理、语音识别以及图像分类等领域被证明可以很好地进行表示学习.而且在用户对商品的评分矩阵中,不仅只有评分信息,还有隐含的倾向性排序信息.更进一步,针对整个评分矩阵进行特征表示学习的时候,不能满足用户聚类以及商品类别的局部结构特性.因此,提出了一种基于集成局部性特征学习的推荐算法.在该算法中,利用随机选择的锚点得到局部矩阵,然后在局部矩阵上利用自动编码机进行学习得到子模型,同时定义一种(用户,商品)二元组来考虑评分信息的排序关系.在两组数据上进行了实验,结果表明该算法显著优于经典的基于矩阵分解的推荐算法,并且该算法将深度学习用于推荐系统中,效果比LCR(local collaborative ranking)优越.Most previous collaborative filtering approaches employ the matrix factorization techniques to learn latent user feature profiles and item feature profiles. However, the matrix factorization based methods may not make full use of the rating information,leading to unsatisfying performance.In recent years,deep learning has been approved to be able to find good representations in natural language processing,speech recognition,image classifi-cation,and so on.Moreover,the rating matrix not only contains the rating information,but also the ranking informa-tion.Furthermore,the local structure of rating matrix is considered to learn latent users'and items'representations. To this end,this paper proposes an ensemble local representation learning based recommendation algorithm.In the proposed algorithm,the randomly selected anchor is used to obtain local matrix,and then AutoEncoder is applied to learn latent representations and obtain submodel.Finally,the ranking information is incorporated by defining(user,item) pairs. The experimental results on two data sets validate the effectiveness of the proposed algorithm, com-pared with matrix factorization algorithms.Also, the algorithm outperforms the state-of-the-art model LCR (local collaborative ranking),which indicates the superiority of applying deep learning techniques to recommendation.",
      "author": "庄福振",
      "keywords": "<mark class=highlight>推荐系统</mark>,深度学习,自动编码机,排序学习,局部结构,<mark class=highlight>recommender</mark> <mark class=highlight>systems</mark>",
      "citedIndex": 0,
      "publishDate": "2018-06-01",
      "subject": "",
      "sourceDB": "",
      "journals": null,
      "categoryNo": null,
      "fundProject": null
    },
    {
      "id": "Periodical_wjfz201806043",
      "title": "基于CEP的校园<mark class=highlight>推荐系统</mark>设计与实现",
      "summary": "<mark class=highlight>systems</mark> owing to its powerful real-time",
      "summaryAll": "针对高校学生课外资源过载、缺少实时个性化推荐等问题,将复杂事件处理技术(CEP)运用到推荐系统中,发挥其强大的实时处理优势,对进一步提高高校个性化资源推荐系统的准确性和实时性进行了研究.将高校管理与资源推荐相结合,设计大数据背景下的校园学辅资源推荐系统.利用复杂事件处理技术,将学生实时地理位置信息、签到信息、图书馆借阅信息、宿舍信息等四种多维、异构数据源相结合,使用EPL语言实现相应的规则关联,将简单事件流通过Esper引擎处理后形成复杂事件流,对高校学生资源推荐系统作实证分析,实现从学生基本信息数据流处理、复杂事件规则验证到相关资源推荐的整个推送过程.实验结果表明,将该系统与最常用的基于协同过滤算法的推荐系统性能作比较,实时性提升了20％,准确度提升了30％,验证了该系统具有良好的推荐效果.To solve the problems of the overload of extracurricular resources and lack of real-time personalized recommendation for col-lege students,the complex event processing ( CEP) is applied to recommender systems owing to its powerful real-time processing advan-tages for research on further improvement of the accuracy and real-time of personalized resource recommendation system in colleges. Combining university management with recommending resource,we design the campus resource recommendation system under the back-ground of big data. Using complex event processing techniques to combine four different kinds of multidimensional, isomerism data source,real time location,check-ins,library lending and dormitory information,we use the EPL to change simple events to complex e-vents through the Esper engine,which can implement the whole process from student basic information data flow processing,complex e-vent rule verification to related resource recommendation. Compared with collaborative filtering algorithm based on cosine, the results show that the real-time is increased by 20％,and the accuracy is increased by 30％. It is proved that the recommendation system performs well.",
      "author": "周苾",
      "keywords": "复杂事件处理,个性化推荐,资源过载,协同过滤,Esper,complex event processing,personalizaed recommendation,resourse overload,collaborative filtering,Esper",
      "citedIndex": 0,
      "publishDate": "2018-06-01",
      "subject": "",
      "sourceDB": "",
      "journals": null,
      "categoryNo": null,
      "fundProject": null
    },
    {
      "id": "Periodical_wjfz201805036",
      "title": "群组<mark class=highlight>推荐系统</mark>研究与分析",
      "summary": ",这不仅给<mark class=highlight>推荐系统</mark>带来了技术上的挑战,而且也促进了群组推荐的产生.群组<mark class=highlight>推荐系统</mark>是在个性化推荐基础上发展而来",
      "summaryAll": "随着大数据时代的到来,推荐系统的应用越来越广,推荐服务对象逐渐由单个用户扩展为群组用户,这不仅给推荐系统带来了技术上的挑战,而且也促进了群组推荐的产生.群组推荐系统是在个性化推荐基础上发展而来,它的主要任务是为群体用户推荐他们都可能感兴趣的信息或项目.由于群组推荐的特殊性和应用广泛性,近年来逐渐成为推荐系统领域研究热点,但国内对于群组推荐的研究相对较少,相关的理论以及推荐技术都还不够成熟,而所形成的中文类参考文献更是数量可数.因此,文中对群组推荐系统的相关理论、算法及应用展开研究与分析.首先介绍了群组推荐的概念、类型,其次描述并展示了群组推荐生成过程及方法,然后对群组推荐实验数据来源、评价指标和算法及应用进行了研究与分析,最后尝试对群组推荐未来面临的挑战进行探讨.With the advent of the big data era,the application of the recommended system is also becoming more and more widely in man-y fields,and the recommended service object is gradually extended from a single user to a group user,which not only brings technical challenges to the recommendation system,but also promotes the birth of group recommendations.Group recommendation system is devel-oped on the basis of personalized recommendation and its main task is to recommend information or project which might be interested by group users.Because of the specificity and wide application of the group recommendation,in recent years,it has become a hot topic in the field of recommendation system.However,there are less research on group recommendation in China,the relevant theories and recommen-dation technology are not mature enough and the number of Chinese papers or other material that can be referenced is countable.There-fore,we study and analyze the theory,algorithm and application of group recommendation system.Firstly,we introduce the concept and types of group recommendation.Secondly,we describe in words and show with pictures the process of group recommended generation. Thirdly,the experimental data source and the evaluation index of group recommendation are summarized and the algorithm and applica-tion are studied and analyzed.Finally,we try to discuss the challenges that the group recommendation will be faced with in the future.",
      "author": "王金",
      "keywords": ",<mark class=highlight>recommender</mark> <mark class=highlight>systems</mark>,aggregation strategy",
      "citedIndex": 0,
      "publishDate": "2018-05-01",
      "subject": "",
      "sourceDB": "",
      "journals": null,
      "categoryNo": null,
      "fundProject": null
    },
    {
      "id": "Periodical_xxwxjsjxt201804016",
      "title": "一种嵌入项目元数据的跨项目协同过滤推荐算法",
      "summary": "<mark class=highlight>systems</mark>,User similarity is usually calculated",
      "summaryAll": "传统的协同过滤推荐系统中用户相似性通常是由余弦、Pearson等方法来计算.然而这些方法都是基于共同的评分项目,在评分数据稀疏的情况下,用户之间的共同评分项目较少,很难准确地找到与目标用户偏好相似的邻居.针对这一问题,提出一种新的方法,通过嵌入项目元数据,利用用户与项目及其属性的交互,采用贝叶斯概率计算项目特征的相似性,并结合EMD方法实现基于元数据表示的跨项目计算相似性.实验结果表明,该方法能够有效地解决用户评分数据稀疏情况下传统的相似性度量方法所存在的不足,提高了推荐的准确性.In traditional collaborative filtering recommender systems,User similarity is usually calculated by cosine similarity or Pear-son correlation coefficient.However,these methods are based on common ratings,in the case of rating datas sparse,there is less com-mon scoring between users,and it is difficult to accurately find neighbors that are similar to the target user's preferences.In order to solve this problem,we propose a new method by embedding the item metadatas,using the interaction between the user and the item and its attributes.Bayesian probability is used to calculate the similarity of the project characteristics,and the EMD method is used to realize the similarity of the cross item computation based on metadata representation.The experimental results show that the proposed method can effectively solve the shortcomings of the traditional similarity measure method in the case of sparse user data,thus impro-ving the accuracy of the recommendation.",
      "author": "王秀",
      "keywords": "协同过滤,数据稀疏,项目元数据,跨项目,collaborative filtering,datas sparse,item metadatas,cross item",
      "citedIndex": 0,
      "publishDate": "2018-04-08",
      "subject": "",
      "sourceDB": "",
      "journals": null,
      "categoryNo": null,
      "fundProject": null
    },
    {
      "id": "Periodical_xxwxjsjxt201804033",
      "title": "一种融合本地社交网络的轻量级可信服务推荐方法",
      "summary": "<mark class=highlight>systems</mark> to help people to get better choice",
      "summaryAll": "移动通信技术和在线支付技术的成熟发展,促使能满足用户各种需求的服务大量涌现,服务信息严重过载,因此,推荐系统应运而生,以帮助人们快速选择优质且符合自己个性化需求的服务.目前的服务推荐方法大多基于用户服务评价矩阵,采用全局方法计算用户间的偏好相似度,计算资源消耗较多,且不能有效对抗恶意用户的托攻击行为.针对这一问题,提出了基于用户本地社交网络的轻量级可信服务推荐方法,该方法采用改进的Advogato信任模型构建用户的本地信任网络,并考虑用户间的社交圈子相似度和互动程度,计算用户的局部信任权重,然后融合局部信任权重和用户的服务评价相似性,进行目标用户的服务评分预测.基于真实数据集与其他推荐方法的对比实验表明,该推荐方法具有更高的评分预测准确度,能更有效的抵抗托攻击行为,并具有更低的计算复杂度.With the quick development of mobile communication technology and online payment technology,there are huge numbers of services supplied for users,so it needs recommender systems to help people to get better choice of suitable services.The existing serv-ice recommendation methods are mostly based on the whole user-service rating matrix,using global computing methods to compute the similarity of different users,so they cost highly computing resources to get the results to produce recommendation,furthermore,these recommendation methods can′t count against the Shilling attack of malicious users effectively.Aims to solve this problem,this paper proposes a lightweight trustworthy service recommendation method based on the local personal social network,it uses a modified Ad-vogato trust model to build the local trust network of the target user firstly,then to compute the local trust weights of users based on the similarity of social circles and interactions of users,and finally to do the service rating prediction of target users based on the local trust weights and the user rating similarity which is computed based on the user-service rating matrix.The comparing experimental re-sults show that our recommendation method has better service rating prediction accuracy,has lower computing complexity,and can count against the Shilling attacks well while comparing to other state-of-art service recommendation methods.",
      "author": "朱文强",
      "keywords": "<mark class=highlight>推荐系统</mark>,协同过滤,本地信任网络,可信服务,线下服务,<mark class=highlight>recommender</mark>",
      "citedIndex": 0,
      "publishDate": "2018-04-08",
      "subject": "",
      "sourceDB": "",
      "journals": null,
      "categoryNo": null,
      "fundProject": null
    },
    {
      "id": "Periodical_dlyj201804014",
      "title": "基于混合过滤的地学数据个性化推荐方法设计与实现",
      "summary": "<mark class=highlight>推荐系统</mark>是帮助互联网用户克服信息过剩的有效工具.在地学数据共享领域,较其他物品的内容属性",
      "summaryAll": "推荐系统是帮助互联网用户克服信息过剩的有效工具.在地学数据共享领域,较其他物品的内容属性,地学数据具有更加丰富的时空属性,这也给地学数据推荐带来挑战.针对地学数据的特点,为地学数据共享推荐服务开发了一种动态加权的混合过滤方法.该方法分别采用协同过滤和基于内容过滤算法预测用户对数据的兴趣度,再以训练模型计算最优加权权重,计算最终预测评分.在数据获取阶段,通过用户访问日志数据,采用Jenks Natural Break算法分析用户访问记录获取用户的数据兴趣度.在基于内容过滤部分,通过数据的空间、时间及内容属性计算数据相似度,并以用户历史行为为依据计算用户兴趣.在协同过滤和基于内容过滤中分别采用k-NN算法计算用户对未访问数据的预测评分,并进行加权求和.通过训练集,对理想权重值及用户的共同评价度(co-rating level)进行建模,拟合二者的关系.该模型被应用于混合过滤的权重调整,以获得最优的加权方程.测试结果显示,结合数据时空属性的混合过滤方法的准确度和召回率,较单一的协同过滤或基于内容过滤方法有显著提高.Recommender systems are effective tools helping Internet users mitigate information overloading.In geoscience data sharing domain,items (datasets) are more informative in terms of spatial and temporal attributes compared to regular item (e.g.books,movies,music).Thus,high-performance recommendation algorithms for geoscience data are more challenging.This study proposed an approach that combines content-based filtering with item-based collaborative filtering using dynamic weights.The approach examines merits of both collaborative filtering in its predictive ability and item content information to mitigating data sparsity and early ratter problem.Users' ratings on items were first derived with their historical visiting time by Jenks Natural Breaks.In the CBF part,spatial,temporal,and thematic information of geoscience datasets were extracted to compute item similarity.Predicted ratings were computed with k-NN method separately using CBF and CF,and then combined with dynamic weights.With training dataset,we attempted to find the best model describing ideal weights and users' co-rating level.A logarithmic function was identified to be the best model.The model was then applied to tune the weights of CF and CBF on user-item basis with test dataset.Evaluation results showed that the dynamic weighted approach outperformed either solo CF or CBF approach in terms of Precision and Recall.",
      "author": "王末",
      "keywords": "地理空间数据,<mark class=highlight>推荐系统</mark>,混合过滤,科学数据共享,<mark class=highlight>recommender</mark> system",
      "citedIndex": 0,
      "publishDate": "2018-04-01",
      "subject": "",
      "sourceDB": "",
      "journals": null,
      "categoryNo": null,
      "fundProject": null
    },
    {
      "id": "Periodical_xdycjyyj201803011",
      "title": "面向大规模在线学习的社会化推荐模型与方法",
      "summary": "However, most of the <mark class=highlight>recommender</mark> <mark class=highlight>systems</mark>",
      "summaryAll": "大规模在线学习中,学习者面对数量众多、种类繁杂的学习资源容易产生\"信息迷航\"\"信息过载\"等问题.因此,为学习者提供个性化的学习推荐服务是大规模在线学习的重要任务.但目前的推荐系统大多只考虑了学习者与学习资源特征,对其内在社会联系考虑不足,推荐效果有较大的提升空间.许多研究表明,引入社会化因素,对于提升推荐系统效果有显著的帮助.社会化推荐系统需要根据应用情境,深入地理解用户、推荐对象以及影响他们之间相似关系和社会关系的要素.大规模在线学习中的社会化推荐系统要素模型包括学习者特征、推荐对象特征、社会关系和应用情境四个方面.相较于传统的推荐方法,在这一要素模型基础上设计的基于兴趣主题的社会化推荐方法更好地结合了大规模在线教育场景,以及学习者和资源服务要素,并进一步研究了用户间的内在社会关联,挖掘了用户、学习资源间的隐性联系.实验结果也说明,该推荐方法在教育场景中可以实现更好的推荐效果.In massive online learning,increasing learning resources may cause problems such as\"information loss\"and\"information overload\". Therefore, it is important to provide learners with personalized learning recommendation service. However, most of the recommender systems only take the characteristics of learners and learning resources into account at present,while pay less attention to their internal social relations.There is large space for the recommender system to be promoted. Many studies have shown that the introduction of socialization factors can significantly improve the effectiveness of the recommender system. Based on different contexts, the social recommender system needs to gain an in-depth understanding of the user,the recommender and the factors that influence the similarity and social relations. In massive online learning, the model of social recommender system includes four aspects:characteristics of learners,characteristics of recommended object,social relationship and applied situation.Compared to the traditional recommender method,the new recommender method on the basis of social recommender method discovers the intrinsic social relationship among users,and excavates the recessive relation between users and learning resources. This recommender method can also combine the three facets, including the massive online educational context,the learners and the learning resource service.The experimental results also demonstrate that this recommender method can achieve better results in educational context.",
      "author": "包昊罡",
      "keywords": "大规模在线学习,社会化推荐,<mark class=highlight>推荐系统</mark>,社会网络,要素模型,keywords:",
      "citedIndex": 0,
      "publishDate": "2018-03-01",
      "subject": "",
      "sourceDB": "",
      "journals": null,
      "categoryNo": null,
      "fundProject": null
    },
    {
      "id": "Periodical_jsjgcyyy201804013",
      "title": "融合信任关系和用户项目二部图的推荐算法",
      "summary": "<mark class=highlight>systems</mark>.In most of traditional <mark class=highlight>recommender</mark>",
      "summaryAll": "传统冷启动和数据稀疏性问题是推荐系统面临的两大难题.现有的大多数基于矩阵分解的推荐方法将用户孤立对待,忽略了用户之间的信任关系,从而导致推荐性能低效.提出一种融合信任关系和用户项目二部结构的矩阵分解推荐方法.该方法在对评分矩阵进行分解的基础上,加入用户信任关系和用户项目二部图结构信息,采用梯度下降算法训练模型参数.Epinions数据集上的对比实验表明,该方法有效提高了推荐系统的准确性和可靠性,尤其在冷启动和稀疏数据情况下,其推荐精度明显优于传统的推荐方法.Cold-start and data sparsity issues have still been two challenges in recommender systems.In most of traditional recommender systems based on the matrix factorization model,it is often assumed that users are isolated and the relation-ships among users are ignored,this results in the decrease in the recommendation effects.Thus,a novel approach incorpo-rating social trust relationship and the structure of bipartite network is proposed. Based on the matrix factorization, this proposed approach combines the social trust relationships among users with the structure of bipartite network,and employs the gradient algorithm to train model parameters.The experimental results on Epinions data set show that the proposed approach is superior to other advanced approaches in accuracy and reliability,especially while the cold-start and data spar-sity issues are involved in.",
      "author": "陈平华",
      "keywords": "协同过滤,信任关系,矩阵分解,二部图,物质扩散,collaborative filtering,trust relationship,matrix factorization,bipartite network,mass diffusion",
      "citedIndex": 0,
      "publishDate": "2018-02-16",
      "subject": "",
      "sourceDB": "",
      "journals": null,
      "categoryNo": null,
      "fundProject": null
    },
    {
      "id": "Periodical_wjfz201802019",
      "title": "<mark class=highlight>推荐系统</mark>冷启动问题解决策略研究",
      "summary": "difficulties and future directions of <mark class=highlight>recommender</mark>",
      "summaryAll": "推荐系统利用机器学习技术进行信息过滤,快速准确地定位用户需要的信息,并且能够预测用户对目标项目的喜好程度.由于新用户与新项目的存在,传统的推荐系统在缺少数据信息的情况下面临着冷启动问题的挑战,导致系统无法为用户产生准确的推荐.分析冷启动产生的原因,阐述解决冷启动问题的意义,从是否考虑冷启动类型等方面对目前推荐系统冷启动问题的研究成果进行分类总结,并尝试给出冷启动问题未来的研究重点与难点.目前较为普遍的处理方式是将多种数据源与多种推荐方法进行混合使用,从而提高系统推荐的准确度与效率,但是仍然存在着如在收集用户各类信息的同时如何保护个人隐私、如何建立推荐系统的效用评价等难点问题.Recommendation systems apply machine learning techniques to filter and locate information accurately,and can predict whether a user would like a given resource.Traditional collaborative filtering systems have to deal with the cold-start problems as new users and items are always present,which fail to produce the accurate recommendation for users.In this paper we first illustrate the causes and the signifi-cances of solving the cold-start problems according to the current achievements in research,and then summarize the existing algorithms and compare the performance of them.Finally,we try to give the difficulties and future directions of recommender system.It was found that the most popular way is to have mixed data sources and algorithms to improve the accuracy and efficiency of recommender system at present,but there still have been some difficulty like how to protect personal privacy during getting users' information or how to establish the perform-ance evaluation of recommendation systems.",
      "author": "乔雨",
      "keywords": "<mark class=highlight>推荐系统</mark>,协同过滤,用户冷启动,项目冷启动,解决策略,<mark class=highlight>recommender</mark>",
      "citedIndex": 0,
      "publishDate": "2018-02-10",
      "subject": "",
      "sourceDB": "",
      "journals": null,
      "categoryNo": null,
      "fundProject": null
    },
    {
      "id": "Periodical_xxwxjsjxt201802034",
      "title": "融合偏好交互的组推荐算法模型",
      "summary": "随着<mark class=highlight>推荐系统</mark>的应用不断增多,组推荐的研究与应用也逐渐受到研究人员的关注.在群组活动的过程当中用户的未知偏好往往会受到组内其他成员的影响",
      "summaryAll": "随着推荐系统的应用不断增多,组推荐的研究与应用也逐渐受到研究人员的关注.在群组活动的过程当中用户的未知偏好往往会受到组内其他成员的影响,但在现有的组推荐系统中对于组内用户未评分项目进行预测时未考虑到此影响,本文提出一种在组推荐评分预测过程中加入偏好交互的算法模型,将预测的评分分为自我预测和偏好交互两部分,并对偏好交互部分进行了系统的分析与说明,针对群组当中的每个用户,通过历史组活动信息和推荐后评分反馈机制生成个性化交互参数,从而提高组推荐算法的真实满意度.最后将模型与协同过滤算法结合,通过MovieLens数据集将应用模型的算法与未应用模型的算法进行比较,结果表明在存在交互的群组当中,融合偏好交互的组推荐算法模型可以明显提高组推荐结果的准确率.With the application of recommendation system increasing,the research and application of group recommendation have been paid more attention by the researchers.In the course of group activities,the unknown preferences of users are often affected by other members.However,in the existing group recommendation system,this effect is not taken into account.In this paper,we propose an al-gorithmic model that incorporates the preference interaction in the group recommendation ratingpredicting process.The model is divid-ed into two parts:self-prediction and preference-interaction,the preference-interaction will be systematically analyzed and illustrated. For every user in the group,using group activity history information and recommendation post-rating feedback mechanism to generate personalized interactive parameters.Thus,it can improve the group's recommendation algorithm′s true satisfaction.Finally,the model is combined with the collaborative filtering,and the algorithm with the model is compared with the algorithm without the model through the MovieLens dataset.Theexperiment results show that the model proposed in this paper can improve the accuracy of the group rec-ommendation results obviously.",
      "author": "郑伟",
      "keywords": "<mark class=highlight>推荐系统</mark>,组推荐,偏好交互,协同过滤,<mark class=highlight>recommender</mark> <mark class=highlight>systems</mark>,",
      "citedIndex": 0,
      "publishDate": "2018-02-01",
      "subject": "",
      "sourceDB": "",
      "journals": null,
      "categoryNo": null,
      "fundProject": null
    },
    {
      "id": "Periodical_jsjkxyts201801009",
      "title": "社交关系在基于模型社会化<mark class=highlight>推荐系统</mark>中的影响",
      "summary": ".为了消除不确定性,探究了在基于模型的社会化<mark class=highlight>推荐系统</mark>中社交关系的变化对推荐性能的影响",
      "summaryAll": "目前社会化推荐系统方面的研究主要集中于构建性能更优的基于模型的推荐算法,然而模型算法中分解得到的隐式特征和社交信息的变化会给推荐性能带来不确定性.为了消除不确定性,探究了在基于模型的社会化推荐系统中社交关系的变化对推荐性能的影响.实验首先按比例移除关系网络中的连边或节点,再对推荐质量进行评估,结果表明,社交关系的数量增多将对推荐质量带来明显提升,同时关系网络中心节点对推荐质量的影响巨大.因此,在构建基于模型的社会化推荐系统的过程中应尽可能多地获取社交关系,并提升中心节点的关系在推荐中的权重,降低非中心节点(潜在噪声)的影响.At present, the research of social recommender systems mainly focuses on the construction of models based recommendation algorithms.However,the latent factors and the social information involved in the algorithms may bring uncertainty to the recommendation quality.To explore this uncertainty,this paper explores the impact of the social relation in the model-based social recommender systems.The experiments remove edges or nodes in the relation network proportionally,and then evaluate the recommendations.The results show that,with the increase of the relation density,the performance of the recommendation algorithms is boosted,and the central nodes make huge difference.Hence the social relation information should be collected much more during building the model-based social recommender systems.Moreover,processing data according to the importance of the nodes in the recommenda-tion can help to enhance the recommendation performance and reduce the impact of noncentral nodes.",
      "author": "房倩琦",
      "keywords": "社会化<mark class=highlight>推荐系统</mark>,社交关系,协同过滤,中心节点,social <mark class=highlight>recommender</mark>",
      "citedIndex": 0,
      "publishDate": "2018-01-28",
      "subject": "",
      "sourceDB": "",
      "journals": null,
      "categoryNo": null,
      "fundProject": null
    },
    {
      "id": "Periodical_hqdxxb201801019",
      "title": "采用矩阵分解模型的托攻击防御算法",
      "summary": "提出一种基于矩阵分解模型的托攻击防御算法框架.首先,利用托攻击检测技术,度量用户是托用",
      "summaryAll": "提出一种基于矩阵分解模型的托攻击防御算法框架.首先,利用托攻击检测技术,度量用户是托用户的概率,并以此构造信任度权值矩阵;然后,将此权值矩阵引入到矩阵分解模型,以降低托用户攻击行为的影响;最后,通过求解新模型实现对用户评分的预测.实验结果表明:这类算法与其他协同过滤算法相比较,能够更有效地抵御托攻击.A shilling attack defense algorithm framework based on matrix factorization model is proposed.Firstly,using the technology of shilling attack detection,measuring the probability of the shilling and constructing a trust weight matrix.Then,the weight matrix is introduced into the matrix factorization model to reduce the influence of the shilling attack.Finally,by solving the new model to realize the user values prediction.Experimental results show that this algorithms are more effective in resisting the shilling attacks compared to other collaborative filtering algorithms.",
      "author": "方楷强",
      "keywords": "<mark class=highlight>推荐系统</mark>,托攻击,矩阵分解,信任度权值矩阵,<mark class=highlight>recommender</mark> <mark class=highlight>systems</mark>",
      "citedIndex": 0,
      "publishDate": "2018-01-20",
      "subject": "",
      "sourceDB": "",
      "journals": null,
      "categoryNo": null,
      "fundProject": null
    },
    {
      "id": "Periodical_jsjyjyfz201801008",
      "title": "融合用户社会地位和矩阵分解的推荐算法",
      "summary": "假设朋友之间共享更多的共同偏好并且用户往往易于接受来自朋友的推荐,越来越多的<mark class=highlight>推荐系统</mark>利用社交网络中用户之间的信任关系来改进传统推荐算法的性能",
      "summaryAll": "随着社交网络服务的日益流行,社交网络平台为推荐算法提供了丰富的额外信息.假设朋友之间共享更多的共同偏好并且用户往往易于接受来自朋友的推荐,越来越多的推荐系统利用社交网络中用户之间的信任关系来改进传统推荐算法的性能.然而,现有基于社交网络推荐算法忽略了2个问题:1)在不同的领域中,用户信任不同的朋友;2)由于用户在不同的领域内具有不同的社会地位,因此,用户在不同的领域内受朋友的影响程度是不同的.首先利用整体的社交网络结构信息和用户的评分信息推导特定领域社交网络结构,然后利用PageRank算法计算用户在特定领域的社会地位,最后提出了一种融合用户社会地位信息的矩阵分解推荐算法.在真实数据集上的实验结果表明:融合用户地位信息的矩阵分解推荐算法的性能优于传统的基于社交网络推荐算法.With the increasing popularity of online social network services,social networks platforms provide rich information for recommender systems.Based on the assumption that friends share more common interests than non-friends and users tend to accept the item recommendations from friends,more and more recommender systems utilize trust relationships of users to improve the performance of recommendation algorithms.However,most of the existing social-network-based recommendation algorithms ignore the following problems:1) in different domains,users tend to trust different friends;2) the degree of influence that a user is affected by their trusted friends is different in different domains since the user has different social status in different domains.In this paper,we first infer domain-specific social trust relation networks based on original users' rating information and social network information,and then compute each user's social status by leveraging PageRank algorithm for each specific domain.Finally,we propose a novel recommendation algorithm by integrating users' social status with matrix factorization model.Experimental results on real-world dataset show that our proposed approach outperforms traditional social-network-based recommendation algorithms.",
      "author": "余永红",
      "keywords": "G25,TP3,用户社会地位,矩阵分解,推荐算法,PageRank算法,社交网络,user social status,matrix factorization,recommendation algorithm,PageRank algorithm,social network",
      "citedIndex": 0,
      "publishDate": "2018-01-20",
      "subject": "",
      "sourceDB": "",
      "journals": null,
      "categoryNo": null,
      "fundProject": null
    },
    {
      "id": "Periodical_jsjgcyyy201801036",
      "title": "基于内部边的群体软件开发中的项目推荐方法",
      "summary": "<mark class=highlight>systems</mark> use the methods of collaborative",
      "summaryAll": "开源软件生态系统的快速发展,为软件开发提供了一种新的模式,对开源软件推荐系统的研究已经成为当前一个重要的研究领域.已有的软件工程推荐系统大都利用协同过滤、机器学习以及开发者-项目属性匹配的方法进行推荐,而利用网络结构和网络分析技术进行推荐的研究相对较少.以软件生态系统GNOME为研究对象,构建开发者-项目二分网络,利用二分网络链路预测技术,采用一种基于内部边的方法对开发者进行项目推荐,并与协同过滤方法进行了对比.实验结果表明基于内部边的推荐方法比协同过滤方法更好.The rapid development of open source software ecosystem provides a new model for software development. The research of open source software recommendation system has become an important research field. Most of the existing software engineering recommender systems use the methods of collaborative filtering, machine learning or matching the attribute of the developers between the projects. The research of using network structure and network analysis technology to carry out the recommendation is relatively small. This paper takes GNOME community as the research object, builds a developer-project bipartite network, uses the link prediction technology of bipartite network, recommends the most suitable projects to developers using internal links and compared with the collaborative filtering method. The experimental results show that the method based on the internal links is better than the collaborative filtering method.",
      "author": "丁沂",
      "keywords": "二分网络,加权投影,内部边,项目推荐,bipartite network,weighted projection,internal link,project recommendation",
      "citedIndex": 0,
      "publishDate": "2018-01-01",
      "subject": "",
      "sourceDB": "",
      "journals": null,
      "categoryNo": null,
      "fundProject": null
    },
    {
      "id": "Periodical_jsjkx2017z2082",
      "title": "一种融合聚类与用户兴趣偏好的协同过滤推荐算法",
      "summary": "协同过滤推荐算法可以根据已知用户的偏好预测其可能感兴趣的项目,是现今最为成功、应用最广",
      "summaryAll": "协同过滤推荐算法可以根据已知用户的偏好预测其可能感兴趣的项目,是现今最为成功、应用最广泛的推荐技术.然而,传统的协同过滤推荐算法受限于数据稀疏性问题,推荐结果较差.目前的协同过滤推荐算法大多只针对用户-项目评分矩阵进行数据分析,忽视了项目属性特征及用户对项目属性特征的偏好.针对上述问题,提出了一种融合聚类和用户兴趣偏好的协同过滤推荐算法.首先根据用户评分矩阵与项目类型信息,构建用户针对项目类型的用户兴趣偏好矩阵;然后利用K-Means算法对项目集进行聚类,并基于用户兴趣偏好矩阵查找待估值项所对应的近邻用户;在此基础上,通过结合项目相似度的加权Slope One算法在每一个项目类簇中对稀疏矩阵进行填充,以缓解数据稀疏性问题;进而基于用户兴趣偏好矩阵对用户进行聚类;最后,面向填充后的评分矩阵,在每一个用户类簇中使用基于用户的协同过滤算法对项目评分进行预测.实验结果表明,所提算法能够有效缓解原始评分矩阵的稀疏性问题,提升算法的推荐质量.Collaborative filtering recommendation algorithm can use the known user preferences to predict the possible interest items,and it is now the most successful and widely used recommendation technique.However,traditional collaborative filtering recommendation algorithms suffer from data sparsity,which results in poor recommendation accuracy.Only user-item rating matrix has been used to data analysis by most current collaborative filtering algorithms,while the characteristics of the item attributes and user preferences for those who have not been considered.To address this issue,a collaborative filtering recommendation algorithm combing clustering and user preference was proposed in this paper.Firstly,the user preference matrix for the item category is constructed according to the user rating matrix and the item category information.Then the K-Means algorithm is used to cluster the item set,and the nearest-neighbor user corresponding to the unrated item is found based on the user preference matrix.Next,the sparse matrix in each item cluster is filled by the weight Slope One algorithm combined with the similarity of items to alleviate the problem of data sparsity.In addition,the user clusters are built based on the user interest matrix.Finally,the user based collaborative filtering algorithm in each user cluster is employed to predict the item rating for the filled rating matrix.The experimental results show that our algorithm effectively alleviates the sparsity problem of the raw rating matrix and achieves better quality of recommendation than other algorithms.",
      "author": "何明",
      "keywords": "<mark class=highlight>推荐系统</mark>,协同过滤,聚类算法,<mark class=highlight>Recommender</mark> <mark class=highlight>systems</mark>,Collaborative",
      "citedIndex": 0,
      "publishDate": "2017-12-30",
      "subject": "",
      "sourceDB": "",
      "journals": null,
      "categoryNo": null,
      "fundProject": null
    },
    {
      "id": "Periodical_jsjkx2017z1101",
      "title": "一种基于高斯混合模型的协同过滤算法",
      "summary": "协同过滤技术中的矩阵分解是<mark class=highlight>推荐系统</mark>中的有效技术手段.而现在主流的矩阵分解算法假设<mark class=highlight>推荐系统</mark>评分数据服从高斯分布",
      "summaryAll": "协同过滤技术中的矩阵分解是推荐系统中的有效技术手段.而现在主流的矩阵分解算法假设推荐系统评分数据服从高斯分布,因而受数据噪声影响,其鲁棒性达不到预期.为了解决这个问题,提出基于高斯混合模型的矩阵分解算法.设定评分数据服从高斯混合分布,在此基础上应用基于贝叶斯概率的矩阵分解模型.同时,提出一种基于半监督学习的数据实验方法,充分挖掘有标签和无标签数据.实验结果表明,基于高斯混合分布的矩阵分解算法对评分噪声拥有更强的免疫力,同时可以提高预测准确率.Recommender system is a competitive solution to solve information overload problem.And collaborative filtering is an effective method for the recommender systems.Matrix factorization is widely used for collaborative filtering.However,the existing matrix factorization techniques are affected by the rating noise,and their robustness is not up to people's expectations.We attributed the negative effect of the rating noise to the universal applied hypothesis that the rating data is subject to the Gauss distribution.In order to solve this problem,we proposed a collaborative filtering algorithm based on Gaussian mixture model.We assumed the rating data obeying the Gauss mixture distribution,and then applied the Bayesian probability matrix factorization model for recommendation.Besides,a semi-supervised algorithm has been proposed,which gets both labeled and unlabeled data involved.The experimental results show that the collaborative filtering algorithm based on Gaussian mixture modelis much more robust and it can alleviate the negative effect of rating noise and improve the accuracy of prediction as well.",
      "author": "成英超",
      "keywords": ",Gaussian mixture model,<mark class=highlight>Recommender</mark> system",
      "citedIndex": 0,
      "publishDate": "2017-12-30",
      "subject": "",
      "sourceDB": "",
      "journals": null,
      "categoryNo": null,
      "fundProject": null
    },
    {
      "id": "Periodical_jsjkx2017z2008",
      "title": "基于消费者行为的点餐推荐算法",
      "summary": "the recommending process,the ordering <mark class=highlight>recommender</mark>",
      "summaryAll": "随着电子商务的发展,餐饮行业现有的大多数管理系统落后于消费者和管理人员的需要,一种行之有效的方法是将推荐系统应用于餐饮管理,根据消费者的行为数据为用户点餐提供菜品的推荐.针对推荐系统中的冷启动问题,提出基于消费者行为的点餐推荐算法,设计出频度统计、关联规则和Markov链3个推荐引擎的加权组合推荐系统.在实际餐厅订单数据样本上,所提算法能够取得令人满意的推荐效果,且得到具有普适性的3个椎荐引擎的组合权值(0.2167,0.5167,0.2666),同时得到最佳的推荐长度为3.With the development of e-commerce,most of the existing catering management system lags consumers and managers' need.An effective approach is to apply recommendation systems to catering management,and to provide ordering recommendations according to consumers' behavior data.As for cold start problems that may arise in the recommending process,the ordering recommender system based on consumers' behavior was proposed,containing three recommendation engines,which are frequency statistics,association rules and Markov chain.Experiments on ordering data of real restaurants achieve a satisfactory result,and get a weight combination of three recommendation engine:(0.2167,0.5167,0.2666),and the best recommending length under that weight:3.",
      "author": "丁铛",
      "keywords": "数据挖掘,<mark class=highlight>推荐系统</mark>,关联规则,Markov链,餐饮管理,Data mining",
      "citedIndex": 0,
      "publishDate": "2017-12-30",
      "subject": "",
      "sourceDB": "",
      "journals": null,
      "categoryNo": null,
      "fundProject": null
    },
    {
      "id": "Periodical_ccgxjmjxxyxb201706030",
      "title": "改进的基于用户的协同过滤算法",
      "summary": "<mark class=highlight>systems</mark>.",
      "summaryAll": "在推荐系统中,协同过滤算法是应用最广泛和最成熟的推荐算法之一.但是传统的协同过滤算法,在计算用户之间的相似度和评分推荐两个指标上存在着很多不足之处.通过决策树策略找寻了评分和共现值之间的规则,有效的改善了Salton相似度的准确性.同时,根据艾宾浩斯遗忘规律得到启发,引入了时间模型作为评分的权重,有效的解决了用户的兴趣迁移.在仿真实验中,测试了在不同邻居个数下传统算法和改进算法的平均绝对误差.实验证明,改进的协同过滤算法能够降低预测评分的平均绝对误差,提高推荐的准确率.Collaborative filtering algorithm is one of the most widely used and most mature recommendation algorithms in recommender systems. But the traditional collaborative filtering algorithm has many shortcomings in calculating the similarity between users and the recommendation of two indicators. In this paper,the decision tree strategy is used to find the rules between the score and the total present value,which can effectively improve the accuracy of the Salton similarity. At the same time,according to Ebbinghaus's forgetting rule,the time model is introduced as the weight of the score,which can effectively solve the migration of user's interest. In simulation experiments,the average absolute error between the traditional algorithm and the improved algorithm is tested under different neighbor numbers. Experi-mental results show that the improved collaborative filtering algorithm can reduce the average absolute error of predic-tion score and improve the accuracy of recommendation.",
      "author": "张世显",
      "keywords": "协同过滤,个性化推荐,Salton相似度,兴趣迁移,collaborative filtering,personalized recommendation,Salton similarity,interest transfer",
      "citedIndex": 0,
      "publishDate": "2017-12-28",
      "subject": "",
      "sourceDB": "",
      "journals": null,
      "categoryNo": null,
      "fundProject": null
    },
    {
      "id": "Periodical_xdkjyc201706007",
      "title": "稀疏化的因子分解机",
      "summary": "Though FM has been applied in <mark class=highlight>recommender</mark>",
      "summaryAll": "因子分解机(简称为FM)是最近被提出的一种特殊的二阶线性模型,不同于一般的二阶模型,FM对二阶项系数进行了分解,这种特殊的结构使得FM特别适用于高维且稀疏的数据.虽然FM在推荐系统领域已获得了应用,但FM本身并未显式考虑变量的稀疏性,特别当变量中包含结构稀疏信息时.因此,FM的二阶特征结构使其特征选择时应当满足这样一种性质,即涉及同一个特征的线性项和二阶项要么同时被选要么同时不被选,当该特征是噪音时,应当同时不被选,而当该特征是重要变量时,应当同时被选.考虑到这种结构特性,本文提出了一种基于稀疏组Lasso的因子分解机(SGL-FM),通过添加稀疏组Lasso的正则项,不仅实现了组间稀疏,还实现了组内稀疏.从另一个角度看,组内稀疏也相当于对因子分解的维度k进行了控制,使其能根据数据的不同而自适应地调整维度k.实验结果表明,本文提出的方法在保证了相当精度甚至更优精度的情况下,获得了比FM更稀疏的模型.Factorization machine (FM) is a recently proposed second-order linear model. One of its main advantages is that the interactions within it are factorized, making it suitable for data with high dimensionality and high sparsity. Though FM has been applied in recommender systems, it fails to consider the sparsity of variables explicitly, especially when the variable contains information on structural sparsity. Therefore, the process of feature selection should meet the following requirements: the linear terms and second-order terms that share the same feature should be included or ex-cluded at the same time; when the feature is noise, both should be excluded, otherwise, both should be included. Based on the sparse structure described above, this paper proposes a sparse group lasso-based factorization machine (SGL-FM). By adding sparse group lasso to the loss function, SGL-FM not only achieves sparsity between groups but also within groups. From another point of view, sparsity within groups can be seen as a method of controlling the dimension-ality of the factorization; therefore, SGL-FM chooses the best k automatically when faced with datasets with different properties. The experimental results show that by applying the proposed method, under conditions of excellent precision, a model with more sparsity than FM was obtained.",
      "author": "郭少成",
      "keywords": "<mark class=highlight>systems</mark>",
      "citedIndex": 0,
      "publishDate": "2017-12-28",
      "subject": "",
      "sourceDB": "",
      "journals": null,
      "categoryNo": null,
      "fundProject": null
    },
    {
      "id": "Periodical_xxwxjsjxt201712013",
      "title": "UTRS:一个面向出租车的拼车<mark class=highlight>推荐系统</mark>",
      "summary": "However,most <mark class=highlight>systems</mark> don' t consider the",
      "summaryAll": "目前针对出租车的推荐系统主要从增加载客概率或减少空载里程的角度为司机推荐一系列载客点或行驶路线.然而从最大化司机收入的角度而言,他们大多数没有考虑出租车载客后车内仍可继续载客的情况.因此,该文在考虑出租车可拼车情况下,提出了一个出租车综合推荐系统UTRS(Unified Taxi Recommender System),该系统为空载和载客状态下的出租车推荐利润最大的行驶路线,设计了拼车情况下的费用分摊机制和拼车决策,达到使出租车司机利润提高和乘客的乘车费用降低的最终目标.仿真实验采用苏州市一个月的出租车GPS记录数据,最终实验结果证实了该文提出的推荐系统的正确性和有效性.Nowadays,the existing taxi recommender systems mainly focus on suggesting a series of pick-up points or driving routes for drivers,which can increase probabilities of carrying passengers and reduce the idle way. However,most systems don' t consider the condition of still picking up passengers while already carrying one. Consequently,in this paper,the Unified Taxi Recommender System ( UTRS) taking into account both regular and taxi-shared cases is proposed for increasing drivers' profits. More importantly,the sys-tem designs a mechanism for fare share and policy for carpooling decision,which will significantly increase profits for drivers and de-crease fare for passengers. Finally,we carry out extensive experiments on a real GPS data set collected from Suzhou city in one month. The results expressly validate the accuracy and effectiveness of proposed recommender system.",
      "author": "刘相言",
      "keywords": "移动<mark class=highlight>推荐系统</mark>,拼车,路径选择,利润最大化,Mobile <mark class=highlight>recommender</mark>",
      "citedIndex": 0,
      "publishDate": "2017-12-08",
      "subject": "",
      "sourceDB": "",
      "journals": null,
      "categoryNo": null,
      "fundProject": null
    },
    {
      "id": "Periodical_hebdxxb201706014",
      "title": "基于极速学习机和最近邻的回归推荐算法",
      "summary": "提出了一种基于极速学习机和最近邻的协同过滤回归推荐算法.该算法首先采用k最近邻法对评分",
      "summaryAll": "提出了一种基于极速学习机和最近邻的协同过滤回归推荐算法.该算法首先采用k最近邻法对评分矩阵的缺失值进行填充,然后将极速学习机作为回归器为用户产生推荐.在推荐领域中的标杆数据集上,将该算法与常用推荐算法- LRCF算法进行了比较,验证了该算法的有效性.This paper proposed a collaborative filtering regression recommendation algorithm based on extreme learning machine (ELM) and nearest neighbors. The algorithm firstly used the k nearest neighbors method to fill the missing attribute value, then the ELM regression machine is used to produce recommendations for the user. On the benchmarking data sets in the field of recommendation, we compared our algorithm with the common recommend algorithm-LRCF algorithm, and verified the effectiveness of the proposed algorithm.",
      "author": "陈爱霞",
      "keywords": ",extreme learning machine,<mark class=highlight>recommender</mark> <mark class=highlight>systems</mark>",
      "citedIndex": 0,
      "publishDate": "2017-11-25",
      "subject": "",
      "sourceDB": "",
      "journals": null,
      "categoryNo": null,
      "fundProject": null
    },
    {
      "id": "Periodical_xxwxjsjxt201711012",
      "title": "融合k-距离和项目类别信息的鲁棒推荐算法",
      "summary": "针对托攻击存在情况下<mark class=highlight>推荐系统</mark>面临的数据稀疏性问题,提出一种融合k-距离和项目类别信息的鲁棒推荐算法",
      "summaryAll": "针对托攻击存在情况下推荐系统面临的数据稀疏性问题,提出一种融合k-距离和项目类别信息的鲁棒推荐算法.首先,根据离群点检测思想提出基于k-距离的用户可疑度计算方法,用来度量系统中每个用户是攻击用户的可疑程度大小;然后,将用户可疑度与项目类别信息相结合构建一种缺失值填充方法,对用户评分矩阵缺失评分进行填充;最后,基于填充后的评分矩阵,将用户相似度和可疑度进行加权组合,为目标用户选取可靠邻居,完成对目标用户的鲁棒推荐.在MovieLens数据集上的实验结果表明,本文提出的方法能够有效解决推荐系统的数据稀疏性问题,提高推荐精度并具有较好的鲁棒性.Under the condition of shilling attacks,the existing collaborative recommendation algorithms are facing the problem of data sparsity. To address this problem,in this paper we propose a robust recommendation method fusing k-distance and item category infor-mation. Firstly,according to the idea of outlier detection,we propose a k-distance-based method to compute user suspicion degree. The user suspicion degree can be used to measure the possibility of a user as an attacker. Secondly,we incorporate user suspicion degree with the item category to fill the missing values in the user rating matrix. Finally,based on the filled rating matrix,we combine the user similarity with the user suspicion degree to select reliable neighbors and make robust recommendations for target user. The experimen-tal results on the MovieLens dataset show that the proposed method can solve the data sparsity effectively and outperforms the existing methods in term of both recommendation accuracy and robustness.",
      "author": "伊华伟",
      "keywords": "<mark class=highlight>推荐系统</mark>,鲁棒推荐,托攻击,稀疏性,k-距离,<mark class=highlight>recommender</mark> <mark class=highlight>systems</mark>",
      "citedIndex": 0,
      "publishDate": "2017-11-08",
      "subject": "",
      "sourceDB": "",
      "journals": null,
      "categoryNo": null,
      "fundProject": null
    },
    {
      "id": "Periodical_jsjxtyy201711004",
      "title": "大规模隐式反馈的词向量音乐推荐模型",
      "summary": "problems that most of current recommendation <mark class=highlight>systems</mark>",
      "summaryAll": "现有音乐推荐系统在大规模隐式反馈场景下存在推荐困难的问题,提出大规模隐式反馈的词向量音乐推荐模型(Word-Embedding Based Implicit Music Recommender).本模型借鉴了自然语言处理领域的Word2Vec技术,通过学习用户音乐收藏播放记录里的歌曲共现信息,获得用户、音乐在分布式空间的低维、紧致的向量表示,从而得到用户、音乐之间的相似度进行推荐,并且在理论上论述了Word2Vec技术应用在推荐系统上的正确性.该模型在保证准确率和召回率几乎不变的同时,收敛速度快,占用内存小,试验结果表明该模型有效的解决了大规模隐性反馈场景下音乐推荐困难的问题.A large scale word-embedding based implicit music recommender is proposed to address the problems that most of current recommendation systems cannot work in the scenario of large scale implicit feedback recommendation. This model employs the Word2Vec technique which is popular in Natural Language Processing in recent years. By learning the songs co-occurrences in the users' history collections, we can get the distributed representation of users and songs with a low-dimension and dense vector. In this way, we can get the similarities of users and songs which could be used for the recommendation and we also analyze the correctness of application of Word2Vec technique in recommendation. This model can effectively solve the problem mentioned above with the accuracy remaining the same. In addition, this model can converge faster and take less memory than those of traditional methods.",
      "author": "于帅",
      "keywords": "词向量,协同过滤,推荐算法,Word2Vec,深度学习,word-embedding,collaborative filtering,recommendation algorithm,Word2Vec,deep learning",
      "citedIndex": 0,
      "publishDate": "2017-11-05",
      "subject": "",
      "sourceDB": "",
      "journals": null,
      "categoryNo": null,
      "fundProject": null
    },
    {
      "id": "Periodical_xbgydxxb201705028",
      "title": "一种使用全部评分提高推荐精度的方法",
      "summary": "<mark class=highlight>systems</mark> in predicting user′s preferences.In",
      "summaryAll": "传统的基于用户的协同过滤推荐算法只能使用用户在共同评价过的项目上的评分记录进行推荐,由于推荐系统中数据稀疏和冷启动问题的存在,用户共同评价的项目较少,导致了用户的大量评分记录中只有少部分的数据得到了利用,限制了推荐系统预测用户偏好的精度.为了利用用户的全部评分提高推荐系统的精度,定义了用于描述和区分不同项目的内部子信息,提出了将用户对项目的评分分解为对内部子信息评分的方法,该方法能够使用用户的全部评分记录分析用户的相似度,同时设计了考虑用户间共同评价项目比例的动态调节权重用于将基于全部评分的用户相似度与传统的基于共同评分的用户相似度进行混合,并将混合相似度用于预测用户对项目评分.实验结果表明:使用用户的全部评分记录能够提高推荐系统预测精度,动态调节权重比静态的混合权重更能改善推荐效果.In traditional user-based collaborative filtering algorithms , only users′ratings to shared items are utilized in recommendation .Due to the existence of data sparsity and cold-start problems , the amount of users′common ra-ted items is not sufficient .As a result, only a small quantity of data in users′massive rating records can be consid-ered, which limits the accuracy of recommender systems in predicting user′s preferences.In order to use all the rat-ing records to improve recommendation , this paper introduces items′internal description information ( IDI) for de-scribing and discriminating different items .Based on IDI , a method is proposed to derive users′ratings to items′in-ternal description information from the ratings to items , so that users′similarity on users′all existed ratings can be calculated .For mixing users′similarity based on all the ratings with traditional similarity based on those ratings to users′shared items , we design a dynamic adjusting weight considering the proportion of users ′common items in their all rated items .Then the mixed similarity is used to predict users′ratings to unobserved items .The experiment results show that , all the ratings can be used to improve the accuracy of recommender systems , and the proposed dynamic adjusting weight overpowers the static hybrid weight .",
      "author": "程伟杰",
      "keywords": "filtering,<mark class=highlight>recommender</mark> system,dada sparsity",
      "citedIndex": 0,
      "publishDate": "2017-10-28",
      "subject": "",
      "sourceDB": "",
      "journals": null,
      "categoryNo": null,
      "fundProject": null
    },
    {
      "id": "Periodical_jsjkx201710001",
      "title": "旅游<mark class=highlight>推荐系统</mark>研究综述",
      "summary": "<mark class=highlight>systems</mark> were emphasized.",
      "summaryAll": "为用户提供个性化推荐服务并提高推荐的准确度和用户满意度,是当前旅游推荐系统的主要研究任务.文中分析了旅游推荐系统与传统推荐系统的异同点,并从基于内容的推荐、基于协同过滤的推荐、基于知识的推荐、基于人口统计的推荐、混和型推荐以及基于位置感知的推荐共6个方面考查了旅游推荐的研究现状.在此基础上,给出了旅游推荐系统的一个总体框架.最后,总结分析了旅游推荐系统面临的6个重点和难点问题,并指出了下一步需要关注的研究方向.The main research task of current tourism recommendation system is to provide personal recommendation serves for users and improve the accuracy of recommendations and the satisfaction of users.In this paper,the similarities and differences between tourism recommender system and traditional recommender systemare were analyzed.And the research status of tourism recommender technologies was investigated from six aspects,i.e.,recommendation based on content,recommendation based on collaborative-filtering,recommendation based on knowledge,recommendation based on demographics,hybrid recommendation and recommendation based on location-awareness.As a summary of these research works,a general framework for tourism recommender system was proposed.Finally,six key and difficult problems on tourism recommender systems were presented,and some research topics which might bring great progress to tourism recommender systems were emphasized.",
      "author": "常亮",
      "keywords": "推荐技术,旅游<mark class=highlight>推荐系统</mark>,协同过滤,<mark class=highlight>Recommender</mark> technology",
      "citedIndex": 0,
      "publishDate": "2017-10-15",
      "subject": "",
      "sourceDB": "",
      "journals": null,
      "categoryNo": null,
      "fundProject": null
    },
    {
      "id": "Periodical_dzjsyy201710036",
      "title": "融合用户属性信息的冷启动推荐算法",
      "summary": "<mark class=highlight>systems</mark>.However,prior collaborative filters",
      "summaryAll": "协同过滤算法广泛应用于个性化推荐系统中.现有的基于社群相似性的协同过滤算法在新用户新商品的冷启动场景中难以使用,性能较差.对此,提出了一种基于矩阵分解和神经网络映射的冷启动推荐算法.首先,使用矩阵分解方法求出用户在潜在兴趣空间的向量表示;然后,训练神经网络学习从用户属性数据到潜在兴趣向量的映射关系;最后,融合用户的历史评分数据与属性数据各自生成的兴趣向量,给出平滑的推荐预测值.实验表明,当用户的评分记录很少时,预测性能有明显提升,融合用户的属性信息能较好地改善“冷启动”情况下推荐系统的性能.Collaborative filtering algorithm is widely used in personalized recommender systems.However,prior collaborative filters which rely on pair-wise similarities,are barely applicable when faced with cold start scenarios,namely with new users or new items.To solve this problem,a novel recommender algorithm tailored for cold start is proposed,which is based on matrix factorization and neural network.Firstly,a matrix factorization is applied to the ratings,which finds out users' vector representation in a latent preference space.Secondly,a neural network mapping users' attribute data to their preference vector is trained.Finally,the recommender fuses the preference vectors originated from users' historical ratings and from attribute data,to give smoothed recommendations to cold start users,veteran users and users in between.Empirical analysis on the MovieLens dataset demonstrates that when evaluated on new users,the proposed algorithm can boost prediction accuracy significantly.",
      "author": "魏琳东",
      "keywords": "<mark class=highlight>推荐系统</mark>,矩阵分解,冷启动,<mark class=highlight>recommender</mark> system,matrix",
      "citedIndex": 0,
      "publishDate": "2017-10-06",
      "subject": "",
      "sourceDB": "",
      "journals": null,
      "categoryNo": null,
      "fundProject": null
    },
    {
      "id": "Periodical_hdsfdxxb201705010",
      "title": "跨领域推荐技术综述",
      "summary": "<mark class=highlight>systems</mark>,which aim to utilize knowledge",
      "summaryAll": "随着信息技术和互联网的飞速发展,信息过载的问题日趋严重.个性化推荐系统是解决这一问题的热门技术.推荐系统的核心在于推荐算法,在过去的十年里,基于单领域的协同过滤推荐算法应用最为广泛.但用户和项目数量的急剧增长使得传统的协同过滤推荐算法面临冷启动和数据稀疏问题的挑战.跨领域推荐旨在整合来自不同领域的用户偏好特征,针对每个用户自身特点进行智能化感知,精准满足用户个性化需求,从而提高目标领域推荐结果的准确性和多样性,现已成为推荐系统研究领域中的热门话题.本文首先对跨领域推荐技术进行系统地研究和分析,概述跨领域推荐算法的相关概念、技术难点;其次对现有的跨领域推荐技术进行分类,总结出各自的优点及不足;最后对跨领域推荐算法的性能分析方法进行详尽的介绍.With the rapid development of information technology and Internet,the available information on the Internet has overwhelmed the human processing capabilities in some commercial applications.Personalized recommendation system is a popular technology to deal with the information overload and recommendation algorithms are the core of it.In the past decades,collaborative filtering recommendation algorithm based on single domain has been widely used in many applications.However,the problems of cold start and data sparsity usually result in overfitting and fail to give desirable performance.The cross-domain recommendation techniques have been a hot topic in the field of recommender systems,which aim to utilize knowledge from related domains to perform or improve recommendation in the target domain.This paper carries out a systematic study and analysis of cross-domain recommendation techniques.First,we summarize the related concepts and the technical difficulties of cross-domain recommendation algorithms.Second,we present a general categorization of cross-domain recommendation techniques and sum up their respective advantages and disadvantages.Finally we introduce the method of performance analysis of cross-domain recommendation algorithm in detail.",
      "author": "陈雷慧",
      "keywords": "信息过载,个性化,跨领域推荐算法,information overload,personalization,cross-domain recommendation algorithms",
      "citedIndex": 0,
      "publishDate": "2017-09-30",
      "subject": "",
      "sourceDB": "",
      "journals": null,
      "categoryNo": null,
      "fundProject": null
    },
    {
      "id": "Periodical_wxdnyy201709015",
      "title": "Top-K推荐中的多样性研究",
      "summary": "<mark class=highlight>systems</mark> go more and more into people's",
      "summaryAll": "随着电子商务产业的不断发展,推荐系统越来越多走入人们的生活,其中Top-K推荐能够推荐一个商品列表供用户选择,在商业推荐中越来越多地扮演重要角色.对于Top-K推荐而言,多样性的提高可以使推荐列表不再重复、单调,给用户多样化的选择空间,更容易适应用户需求.传统的Top-K推荐方法大多在预测评分方法的基础上进行优化改良,本文通过MovieLens数据集上的统计调查,说明基于用户兴趣分布会比基于预测评分拥有更优的效果.本文还提出两个获取用户兴趣分布的思路,供后续研究参考.With the continuous development of e-commerce industry,recommender systems go more and more into people's lives.Top-K recommendation could recommend a list of items for the user to choose,and more and more plays an important role in the commercial recommendation.For Top-K recommendation,the increase in diversity can make the recommendation lists no longer repeat and monotonous.It provides users a variety of choices,convinience to adapt to users' needs.The traditional Top-K recommendation methods are mostly optimized on the basis of the rate prediction methods.Through the statistical survey on the MovieLens dataset,this paper shows that the user interest distributions will have better effect than the predictive rate.This paper also proposes two ideas for obtaining user interest distributions which may be used in later research.",
      "author": "邢小璐",
      "keywords": "<mark class=highlight>推荐系统</mark>,多样性,Top-k推荐,Recommendation,Diversity",
      "citedIndex": 0,
      "publishDate": "2017-09-20",
      "subject": "",
      "sourceDB": "",
      "journals": null,
      "categoryNo": null,
      "fundProject": null
    }
  ],
  "patentVO": null,
  "bookVO": [],
  "standardVO": [
    {
      "id": "79",
      "nameCN": "自动声纹（说话人识别）技术规程",
      "nameEN": "Technology specification for automatic voiceprint recognition(speaker recognition)",
      "standardNo": "SJ/T 11380-2008",
      "categoryNoCN": "L;L71,电子元器件与信息技术, 信息处理技术",
      "categoryNoIN": "35;35.040",
      "summary": "本标准规定了声纹识别（系统）的术语与定义、数据交换格式与应用编程接口（VPR-API ",
      "summaryAll": "本标准规定了声纹识别（系统）的术语与定义、数据交换格式与应用编程接口（VPR-API 1.0）。本标准适用于各种计算机、网络和智能设备配置的声纹识别系统。",
      "draftUnit": "",
      "mandatoryStandard": "否",
      "status": "现行",
      "publishDate": "2018-03-10",
      "implementDate": "2018-03-10"
    },
    {
      "id": "37",
      "nameCN": "Cooperative intelligent transportation <mark class=highlight>systems</mark>―Dedicated",
      "nameEN": "Cooperative intelligent transportation systems―Dedicated short range communications―Part 1：General technical requirement",
      "standardNo": "GB/T 31024.1-2014",
      "categoryNoCN": "L;L79,电子元器件与信息技术,信息处理技术",
      "categoryNoIN": "35;35.100",
      "summary": "本部分规定了合作式智能运输系统对象通信关系及专用短程通信参考架构、专用短程通信支持的主",
      "summaryAll": "本部分规定了合作式智能运输系统对象通信关系及专用短程通信参考架构、专用短程通信支持的主要智能运输系统业务以及专用短程通信技术的要求、专用短程通信设备要求、安全要求及时间管理等。  ",
      "draftUnit": "",
      "mandatoryStandard": "否",
      "status": "现行",
      "publishDate": "2014-08-05",
      "implementDate": "2015-02-01"
    },
    {
      "id": "26",
      "nameCN": "家庭网络 第1部分：系统体系结构及参考模型",
      "nameEN": "Home network―Part 1：System architecture and reference model",
      "standardNo": "GB/T 30246.1-2013",
      "categoryNoCN": "L;L78,电子元器件与信息技术,信息处理技术",
      "categoryNoIN": "33;33.040.40",
      "summary": "本部分适用于家庭或类似的室内场所的网络构建。 ",
      "summaryAll": "本部分适用于家庭或类似的室内场所的网络构建。  ",
      "draftUnit": "",
      "mandatoryStandard": "否",
      "status": "现行",
      "publishDate": "2013-12-31",
      "implementDate": "2014-07-15"
    },
    {
      "id": "36",
      "nameCN": "移动通信智能终端操作系统安全技术要求（EAL2级）",
      "nameEN": "Technical requirements of security for operating system in smart mobile terminal（EAL2）",
      "standardNo": "GB/T 30284-2013",
      "categoryNoCN": "L;L80,电子元器件与信息技术,信息处理技术",
      "categoryNoIN": "35;35.040",
      "summary": " 本标准规定了 EALZ 级移动通信智能终端操作系统的安全技术要求。 本标准适用于移动",
      "summaryAll": " 本标准规定了 EALZ 级移动通信智能终端操作系统的安全技术要求。 本标准适用于移动通信智能终端操作系统安全的设计、开发、测试和评枯。  ",
      "draftUnit": "",
      "mandatoryStandard": "否",
      "status": "现行",
      "publishDate": "2013-12-31",
      "implementDate": "2014-07-15"
    },
    {
      "id": "1",
      "nameCN": "requirements for industrial robots―Part 2: Robot <mark class=highlight>systems</mark>",
      "nameEN": "Robots and robotic devices―Safety requirements for industrial robots―Part 2: Robot systems and integration",
      "standardNo": "GB 11291.2-2013",
      "categoryNoCN": "J;J28,机械,通用零部件",
      "categoryNoIN": "25;25.040.30",
      "summary": "GB 11291的本部分规定了工业机器人、工业机器人系统和工业机器人单元集成的安全要求",
      "summaryAll": "GB 11291的本部分规定了工业机器人、工业机器人系统和工业机器人单元集成的安全要求，工业机器人和工业机器人系统已在GB 11291.1中定义。集成包括以下方面： a) 工业机器人系统或单元的设计、制造、安装、运行、维护和报废； b) 工业机器人系统或单元的设计、制造、安装、运行、维护和报废的必要条件； c) 工业机器人系统或单元的部件设备。 本部分描述了与这些系统有关的基本危险和危险情况，并提出了消除和充分降低与这些危险相关的风险要求。虽然噪声波定为是工业机器人的一种主要危险，但是本部分不予考虑。本部分也规定了对作为集成制造系统的部分的工业机器人系统的要求。本部分不专门涉及关于加工过程中的危险（如激光辐射、弹出碎片、焊接烟雾）其他标准适用于这些加工过程中的危险。",
      "draftUnit": "",
      "mandatoryStandard": "是",
      "status": "现行",
      "publishDate": "2013-12-17",
      "implementDate": "2014-11-01"
    },
    {
      "id": "9",
      "nameCN": "中文语音识别系统通用技术规范",
      "nameEN": "General specification for Chinese speech recognition system",
      "standardNo": "GB/T 21023-2007",
      "categoryNoCN": "L;L71,电子元器件与信息技术, 信息处理技术",
      "categoryNoIN": "35;35.040",
      "summary": "本标准规定了中文语音识别系统的基本术语、分类、技术指标、测试方法、输入/输出以及中文语",
      "summaryAll": "本标准规定了中文语音识别系统的基本术语、分类、技术指标、测试方法、输入/输出以及中文语音识别标准库等。　　本标准适用于各种计算机、网络和终端设备配置的中文语音识别系统。本标准的制定和实施主要用于指导中文语音识别系统的研制、应用和测试。",
      "draftUnit": "",
      "mandatoryStandard": "否",
      "status": "现行",
      "publishDate": "2007-06-29",
      "implementDate": "2007-11-01"
    },
    {
      "id": "10",
      "nameCN": "中文语音合成系统通用技术规范",
      "nameEN": "General specification of Chinese speech synthesis system",
      "standardNo": "GB/T 21024-2007",
      "categoryNoCN": "L;L71,电子元器件与信息技术, 信息处理技术",
      "categoryNoIN": "35;35.040",
      "summary": "本标准规定了中文语音合成系统的术语定义、分类标准、数据交换格式标准和应用规范。　　本标",
      "summaryAll": "本标准规定了中文语音合成系统的术语定义、分类标准、数据交换格式标准和应用规范。　　本标准适用于各种计算机、网络和智能设备配置的中文语音合成系统。",
      "draftUnit": "",
      "mandatoryStandard": "否",
      "status": "现行",
      "publishDate": "2007-06-29",
      "implementDate": "2007-11-01"
    },
    {
      "id": "5",
      "nameCN": "信息技术 词汇 第34部分:人工智能 神经网络",
      "nameEN": "Information technolgy—Vocabulary—Part 34:Artificial intelligence—Neural networks",
      "standardNo": "GB/T 5271.34-2006",
      "categoryNoCN": "L;L60,电子元器件与信息技术,计算机",
      "categoryNoIN": "35;35.240.20",
      "summary": "GB/T 5271的本部分给出了与信息处理领域相关的概念的术语和定义，并明确了这些条目",
      "summaryAll": "GB/T 5271的本部分给出了与信息处理领域相关的概念的术语和定义，并明确了这些条目之间的关系。　　为方便将此标准翻译成其他语言，给出的定义尽可能避免语言上的特殊性。　　本部分定义了有关神经网络及其组成部分、连接机制和功能的概念。",
      "draftUnit": "",
      "mandatoryStandard": "否",
      "status": "现行",
      "publishDate": "2006-03-14",
      "implementDate": "2006-07-01"
    }
  ]
}