{
  "success": true,
  "message": "",
  "graphInfo": {
    "fakeNodes": [
      {
        "code": "0",
        "name": "吴恩达",
        "type": "expert",
        "level": "1",
        "keyword": "Andrew Y Ng",
        "layout": null
      },
      {
        "code": "1",
        "name": "荣誉",
        "type": "honor",
        "level": "2",
        "keyword": "Andrew Y Ng",
        "layout": null
      },
      {
        "code": "2",
        "name": "组织",
        "type": "org",
        "level": "2",
        "keyword": "Andrew Y Ng",
        "layout": null
      },
      {
        "code": "3",
        "name": "三维重建",
        "type": "keyword",
        "level": "2",
        "keyword": "Andrew Y Ng",
        "layout": null
      },
      {
        "code": "20",
        "name": "深度学习",
        "type": "keyword",
        "level": "2",
        "keyword": "Andrew Y Ng",
        "layout": null
      },
      {
        "code": "37",
        "name": "强化学习",
        "type": "keyword",
        "level": "2",
        "keyword": "Andrew Y Ng",
        "layout": null
      },
      {
        "code": "54",
        "name": "语义识别",
        "type": "keyword",
        "level": "2",
        "keyword": "Andrew Y Ng",
        "layout": null
      }
    ],
    "fakeLinks": [
      {
        "id": 1,
        "source": "0",
        "target": "1",
        "value": 1.0,
        "type": "expert"
      },
      {
        "id": 2,
        "source": "0",
        "target": "2",
        "value": 1.0,
        "type": "expert"
      },
      {
        "id": 3,
        "source": "0",
        "target": "3",
        "value": 1.0,
        "type": "expert"
      },
      {
        "id": 20,
        "source": "0",
        "target": "20",
        "value": 1.0,
        "type": "expert"
      },
      {
        "id": 37,
        "source": "0",
        "target": "37",
        "value": 1.0,
        "type": "expert"
      },
      {
        "id": 54,
        "source": "0",
        "target": "54",
        "value": 1.0,
        "type": "expert"
      }
    ],
    "expertReco": [
      {
        "citedSituation": null,
        "country": null,
        "fwciinedx": null,
        "hIndex": null,
        "headImg": "http://192.168.200.199:8095/img/expert_logo/2019-03/2019-03-19-10-12-43__c6c48347-d481-4f11-9385-79f495de8785.jpg",
        "id": 8526,
        "institution": "National University of Singapore",
        "journalSend": null,
        "name": "颜水成",
        "number1": null,
        "number10": null,
        "subjectArea": null,
        "subjectMatch": null,
        "top1Citations": null,
        "top10Citations": null,
        "totalCitations": null,
        "totalIssues": null
      },
      {
        "citedSituation": null,
        "country": null,
        "fwciinedx": null,
        "hIndex": null,
        "headImg": "http://192.168.200.199:8095/img/expert_logo/2019-04/2019-04-02-14-45-03__93ee0293-426b-46c3-95d2-9a641cebe1bb.jpg",
        "id": 2037377,
        "institution": "Columbia University in the City of New York",
        "journalSend": null,
        "name": "张世富",
        "number1": null,
        "number10": null,
        "subjectArea": null,
        "subjectMatch": null,
        "top1Citations": null,
        "top10Citations": null,
        "totalCitations": null,
        "totalIssues": null
      }
    ],
    "subjectReco": null,
    "journalsReco": null,
    "institutionsReco": [
      "Courant Institute of Mathematical Sciences"
    ]
  },
  "expertInfo": {
    "citedSituation": null,
    "country": "美国",
    "fwciinedx": 13.89,
    "hIndex": 57,
    "headImg": "http://192.168.200.199:8095/img/expert_logo/2019-03/2019-03-13-16-40-00__ac93a0d6-a1d0-42fb-874f-4a6b5d6eeb60.jpg",
    "id": 2116449,
    "institution": "Stanford University",
    "journalSend": null,
    "name": "李飞飞",
    "number1": 40,
    "number10": 94,
    "subjectArea": "计算机科学",
    "subjectMatch": null,
    "top1Citations": 0.368794,
    "top10Citations": 0.673759,
    "totalCitations": 22347,
    "totalIssues": 156
  },
  "paperList": [
    {
      "id": "Periodical_dnzsyjs-itrzyksb201908048",
      "title": "\"互联网+\"时代中职计算机网络课程教学模式探索",
      "summary": "\"互联网+\"下一些过去沿用的授课模式受到冲击,在中职的计算机网络实际授课中,诸多的问题",
      "summaryAll": "\"互联网+\"下一些过去沿用的授课模式受到冲击,在中职的计算机网络实际授课中,诸多的问题逐渐暴露出来,\"互联网+\"对于课程授课是一种机遇,也制造新的问题.该文是结合计算机网络的相关授课问题,结合\"互联网+\"要求和特征,在课程授课中对网络平台以及信息化手段展开充分利用,促进课程授课的整体改善,积极加强对教学效果的提升.希望本文的教学,对中职开展计算机网络的实际授课是有所促进的.",
      "author": "<mark class=highlight>李飞飞</mark>",
      "keywords": "\"互联网+\",中职,计算机网络课程,教学模式",
      "citedIndex": 0,
      "publishDate": "2019-08-01",
      "subject": "",
      "sourceDB": "",
      "journals": null,
      "categoryNo": null,
      "fundProject": null
    },
    {
      "id": "Periodical_jxkf201808072",
      "title": "采煤机电气部件安全运行与故障诊断研究",
      "summary": "以采煤机的电机作为主要研究对象,分析了采煤机电气部件的常见故障及故障诊断方法.根据电气",
      "summaryAll": "以采煤机的电机作为主要研究对象,分析了采煤机电气部件的常见故障及故障诊断方法.根据电气故障诊断的要求,设计了数据采集硬件电路和上位机显示系统.该系统基本上可以实现对采煤机关键部件的故障诊断,为采煤机电气部件的安全运行提供可靠保障.",
      "author": "<mark class=highlight>李飞飞</mark>",
      "keywords": "采煤机,故障诊断,数据传输,上位机",
      "citedIndex": 0,
      "publishDate": "2018-08-01",
      "subject": "",
      "sourceDB": "",
      "journals": null,
      "categoryNo": null,
      "fundProject": null
    },
    {
      "id": "Periodical_sdjr-x201804113",
      "title": "探究P2P网络借贷的运行模式与风险管控",
      "summary": "在信息化的时代背景下,P2P网络借贷服务呈现井喷式增长,借贷的数量和金额也持续扩大,但",
      "summaryAll": "在信息化的时代背景下,P2P网络借贷服务呈现井喷式增长,借贷的数量和金额也持续扩大,但是因为国家关于P2P网络借贷的法律规定不是很完善,导致网络借贷行业的发展缺少严格的监管,其运行模式往往呈现出门槛低、审核松、非法催还、利息高等问题,对于贷款人而言意味着很高的风险.本文主要对P2P网络借贷的运行模式与风险管控展开深入研究,为网络借贷的规范发展提供借鉴.",
      "author": "<mark class=highlight>李飞飞</mark>",
      "keywords": "P2P网络借贷,运行方式,风险控制",
      "citedIndex": 0,
      "publishDate": "2018-04-01",
      "subject": "",
      "sourceDB": "",
      "journals": null,
      "categoryNo": null,
      "fundProject": null
    },
    {
      "id": "Periodical_xtgcllysj201803016",
      "title": "基于序贯博弈谈判机制的分布式多项目调度",
      "summary": "设计有效的全局资源分配协调机制是解决分布式多项目调度问题的关键.基于多Agent系统建",
      "summaryAll": "设计有效的全局资源分配协调机制是解决分布式多项目调度问题的关键.基于多Agent系统建立以单项目完工时间为优化目标的局部调度模型,并设计基于正向逆向调度改进的遗传算法求解初始局部调度计划;综合考虑每个项目单位延期成本的差异,建立以多项目总延期成本为优化目标的全局决策模型,设计多回合序贯博弈谈判机制协调全局资源分配,并调整单项目局部进度计划;开展示例分析和不同参数下问题集的实验研究.结果表明:基于正向逆向调度改进的遗传算法求解初始局部调度具有较好的问题规模适应性和较高的求解精度;全局资源冲突越强,造成多项目延期越大且项目延期完工的风险也越大;采用序贯博弈谈判机制相比无博弈随机分配协调机制可以有效地降低多项目的总延期损失成本.",
      "author": "<mark class=highlight>李飞飞</mark>",
      "keywords": "分布式多项目调度,资源冲突,遗传算法,序贯博弈谈判机制,延期成本",
      "citedIndex": 0,
      "publishDate": "2018-03-01",
      "subject": "",
      "sourceDB": "",
      "journals": null,
      "categoryNo": null,
      "fundProject": null
    },
    {
      "id": "Thesis_D01658794",
      "title": "基于传感器网络的分布式估计和跟踪",
      "summary": "\n\n         ",
      "summaryAll": "\n\n          ",
      "author": "<mark class=highlight>李飞飞</mark>",
      "keywords": "\n\n          ",
      "citedIndex": 0,
      "publishDate": "2018-01-01",
      "subject": "",
      "sourceDB": "",
      "journals": null,
      "categoryNo": null,
      "fundProject": null
    },
    {
      "id": "Periodical_jyxdh201749090",
      "title": "虚拟学习社区中认知负荷的优化控制研究",
      "summary": "信息技术深刻改变着人类社会的运作方式,移动互联网几乎遍布了世界的每个角落,虚拟学习社区",
      "summaryAll": "信息技术深刻改变着人类社会的运作方式,移动互联网几乎遍布了世界的每个角落,虚拟学习社区作为当今网络中重要的研究性学习环境,对推动网络文化的繁荣发展产生了重要影响.如何合理设计社区学习资源,促进社区学习者认知资源的合理分配和学习效果的提升已经成为虚拟学习社区研究中的焦点问题.本文基于认知负荷理论和模型、多媒体学习生成理论模型分析了虚拟学习社区中学习者认知负荷的产生,构建了虚拟学习社区中学习者认知负荷的生成模型,同时基于模型提出了虚拟学习社区中认知负荷的优化控制策略.",
      "author": "<mark class=highlight>李飞飞</mark>",
      "keywords": "虚拟学习社区,认知负荷,生成模型,优化控制",
      "citedIndex": 0,
      "publishDate": "2017-12-07",
      "subject": "",
      "sourceDB": "",
      "journals": null,
      "categoryNo": null,
      "fundProject": null
    },
    {
      "id": "Periodical_zhptwksszz201705011",
      "title": "能谱CT在诊断鉴别肝癌与FNH中的应用价值",
      "summary": "目的 探究能谱CT在诊断鉴别肝癌与肝脏局灶性结节性增生(FNH)中的应用价值.方法 回",
      "summaryAll": "目的 探究能谱CT在诊断鉴别肝癌与肝脏局灶性结节性增生(FNH)中的应用价值.方法 回顾性分析2014年5月至2016年4月57例肝脏占位性病变患者的能谱CT扫描结果,其中肝癌患者35例(肝癌组),FNH患者22例(FNH组).数据采用SPSS 18.0统计学软件进行分析处理,对比分析两组患者不同能量水平下病灶—肝组织对比噪声比(CNR)、标准化碘浓度(NIC)、病灶与肝组织碘浓度比值(LNR)等采用均数 ±标准差(-x±s)表示,组间比较采用t检验.P<0.05表明差异有统计学意义.结果 动脉期两组患者CNR在50 keV最佳:肝癌组(3.6±1.2),FNH组(8.3±2.2),同能量水平下肝癌患者CNR均显著低于FNH组,P<0.05;门静脉期最佳CNR分别为:肝癌组70keV(1.9±0.1),FNH组50keV(1.2±0.3),其趋势与动脉期相似,除部分能量点外其CNR值均随单光子能量上升而逐渐降低.NIC动脉期:肝癌组(0.3±0.1),FNH组(0.5±0.1);静脉期:肝癌组(0.5±0.2),FNH组(0.9±0.2).LNR动脉期:肝癌组(2.9±0.3),FNH组(6.1±0.1);静脉期:肝癌组(1.1±0.1),FNH组(1.4±0.2);结果均显示肝癌组患者显著低于FNH组患者,P<0.05.结论 能谱CT在诊断鉴别肝癌与FNH中能给出较为精确的参考,显著提高诊断的准确率,具有较大的临床价值.Objective To explore the clinical value of energy spectrum CT in the differential diagnosis of liver cancer and hepatic focal nodular hyperplasia (FNH). Methods A retrospective study was conducted in 57 patients with hepatoproliferative lesions (including 35 cases of hepatocellular carcinoma (HCC) and 22 cases of FNH) from May 2014 to April 2016.Statistical analysis were performed by using SPSS 18.0 software.Clinical data of patients, including contrast-to-noise ratio ( CNR), normalized iodine concentration (NIC), and lesion-to-normal ratio (LNR) , were expressed as -x ±s and compared between two groups at different energy levels by using t test.A P value <0.05 was considered as statistically significant difference. Results CNR value was optimal at 50 keV in HCC group (3.6 ±1.2), significantly lower than that in FNH (8.3 ±2.2) under the same energy, P <0.05.The optimal CNR was 70keV, (1.9 ±0.1)in group of portal vein HCC and 50keV, (1.2 ±0.3)in group of FNH, respectively.In all patients, the trend of CNR values was similar in both portal vein and arterial phase , in which the CNR values decreased following with the increase of single photon energy , except for very few energy points .NIC values of the two groups were: arterial phase, liver cancer group(0.3 ±0.1), FNH(0.5 ±0.1);venous phase, liver cancer group (0.5 ±0.2), FNH(0.9 ±0.2).LNR values of the two groups were: arterial phase, liver cancer group (2.9 ±0.3), FNH(6.1 ±0.1);venous phase, liver cancer group (1.1 ±0.1), FNH (1.4 ±0.2).The NIC values in all patients of the HCC group were significantly lower than those of the FNH group when compared between the portal vein and arterial phase , P <0.05. Conclusion The energy spectrum CT is more accurate and has great clinical value in the differential diagnosis of hepatocellular carcinoma and FNH .",
      "author": "<mark class=highlight>李飞飞</mark>",
      "keywords": "癌,肝细胞,腹腔镜检查,局限性结节状增生,诊断,Carcinoma,Hepatocellular,Laparoscopy,Focal Nodular Hyperplasia,Diagnosis",
      "citedIndex": 0,
      "publishDate": "2017-10-28",
      "subject": "",
      "sourceDB": "",
      "journals": null,
      "categoryNo": null,
      "fundProject": null
    },
    {
      "id": "Periodical_tzycy201709052",
      "title": "推行党建工作网络化管理模式,促进企业持续发展",
      "summary": "在企业实际发展的过程中,传统的党建工作管理方式已经无法满足其持续发展需求,因此,在党建",
      "summaryAll": "在企业实际发展的过程中,传统的党建工作管理方式已经无法满足其持续发展需求,因此,在党建工作中,相关机构应当注重网络化管理模式的创建,明确各类工作要求与目的,树立正确观念,创新管理体系,促进企业的持续发展与进步.",
      "author": "<mark class=highlight>李飞飞</mark>",
      "keywords": "党建工作,网络化管理模式,企业持续发展",
      "citedIndex": 0,
      "publishDate": "2017-09-30",
      "subject": "",
      "sourceDB": "",
      "journals": null,
      "categoryNo": null,
      "fundProject": null
    },
    {
      "id": "Periodical_ysyj201701088",
      "title": "奥尔夫音乐教学法对学前专业学生的价值浅探",
      "summary": "奥尔夫音乐教育是世界著名的三大音乐教育体系之一.经过多年的实践,奥尔夫音乐教学法已经由",
      "summaryAll": "奥尔夫音乐教育是世界著名的三大音乐教育体系之一.经过多年的实践,奥尔夫音乐教学法已经由幼儿园和中小学音乐教育领域逐步拓展到大学艺术教育领域.文章基于对奥尔夫教学法本体简介,着重探讨了奥尔夫音乐教学法对学前专业学生的价值,最后简要分析了高师学前教育专业实施奥尔夫音乐教学法应注意的一些问题.",
      "author": "<mark class=highlight>李飞飞</mark>",
      "keywords": "奥尔夫教学法,学前教育专业,音乐教学",
      "citedIndex": 0,
      "publishDate": "2017-02-25",
      "subject": "",
      "sourceDB": "",
      "journals": null,
      "categoryNo": null,
      "fundProject": null
    },
    {
      "id": "Thesis_Y3261630",
      "title": "基于无监督神经网络的置换混叠图像盲分离",
      "summary": "盲源分离又称为盲分离，是在不需要太多的源信号和信道先验信息的情况下，仅根据观测到的混合",
      "summaryAll": "盲源分离又称为盲分离，是在不需要太多的源信号和信道先验信息的情况下，仅根据观测到的混合输出信号，分离出各输入源信号的过程，是信号处理领域的一个前沿问题，广泛应用于图像处理、医学信号处理、语音辨识与分离等领域。置换混叠图像的盲分离属于盲源分离的一种特殊情况，图像混叠以置换的方式，而非传统叠加的方式，故针对传统叠加方式混叠的图像盲分离算法不再适用于此类置换方式混叠的图像。因此，研究这种置换图像的盲分离需要新的理论和方法。因为置换混叠图像是在置换区域位置、大小、个数、类型等先验知识未知的情况下，仅根据置换混叠图像的本身信息分离出置换区域的图像，是一个具有挑战性的问题。而无监督神经网络是在先验知识未知的情况下，只通过输入数据自动发现输入数据内部特征，进而找到数据的特征差异。所以本文采用无监督神经网络模型来分离置换混叠图像，利用无监督的稀疏自动编码器模型分离含噪声的置换混叠图像，其次，利用无监督的受限玻尔兹曼机模型分离含模糊的置换混叠图像。<br>　　本文主要研究内容概括如下:<br>　　(1)对于含噪声的置换混叠图像，因为置换区域和被置换区域存在噪声差异，并且噪声不能稀疏表示，所以我们选用稀疏自动编码器算法来分离含噪声的置换混叠图像。首先，将含噪声的置换混叠图像分成小块，再将各个小块转化成可操作的数据集。其次，利用前向传播构建稀疏自动编码器网络结构，利用输入数据集训练网络，获得解码后的图像。最后，将解码后的图像与输入图像作差得到差图像，根据差图像利用最大类间方差法选取合适的闽值，对其进行阈值化操作，获得含噪声的置换图像。实验结果表明，该算法在噪声类型和方差大小不同时，能有效地分离置换区域位置、大小、个数不同的置换混叠图像。<br>　　(2)对于含模糊的置换混叠图像，提出基于受限玻尔兹曼机的置换混叠图像盲分离算法。首先，将含模糊的置换混叠图像转化成可操作的数据集。其次，构建受限玻尔兹曼机网络模型并训练，获得概率矩阵。最后，利用训练好的网络重构输入数据集，根据重构数据集与输入数据集的特征差异，分离出含模糊的置换区域图像。实验结果表明，该算法在置换区域位置、大小、个数、模糊类型和模糊度不同的情况下，能有效的分离置换混叠图像。",
      "author": "<mark class=highlight>李飞飞</mark>",
      "keywords": "盲源分离算法,置换混叠图像,图像处理,无监督神经网络,稀疏编码器,受限玻尔兹曼机",
      "citedIndex": 0,
      "publishDate": "2017-01-01",
      "subject": "",
      "sourceDB": "",
      "journals": null,
      "categoryNo": null,
      "fundProject": null
    },
    {
      "id": "Periodical_syhg201603010",
      "title": "甘油和乙醇制复合甘油醚的热力学数据估算与反应分析",
      "summary": "采用Benson和Joback基团贡献法、Rozicka-Domalski法等对甘油和",
      "summaryAll": "采用Benson和Joback基团贡献法、Rozicka-Domalski法等对甘油和乙醇制复合甘油醚反应体系的相关热力学数据进行了估算,计算了相关反应的反应焓变、反应吉布斯自由能变及平衡常数.分别考察并比较了液相和气相反应体系中温度和原料组成对转化率、收率以及平衡组成的影响.实验结果表明,该反应是放热反应,低温有利于反应进行;3个反应在液相中的平衡常数较气相中大1～2个数量级,说明在热力学上液相反应进行的程度大于气相反应进行的程度;平衡转化率和收率在液相时受温度的影响小,在气相时随温度的升高而减小;无论是液相还是气相反应体系,适宜的原料配比n(甘油)∶n(乙醇)均为1∶4.",
      "author": "<mark class=highlight>李飞飞</mark>",
      "keywords": "TQ4,TQ0,复合甘油醚,燃料添加剂,甘油,乙醇,热力学,基团贡献法,composite glycerin ethers,fuel additives,glycerin,ethanol,thermodynamics,group contribution method",
      "citedIndex": 0,
      "publishDate": "2016-03-15",
      "subject": "",
      "sourceDB": "",
      "journals": null,
      "categoryNo": null,
      "fundProject": null
    },
    {
      "id": "Thesis_Y3095124",
      "title": "基于C8051单片机的配平控制器系统设计与实现",
      "summary": "配平控制器在自动驾驶控制领域中具有重要的作用，配平控制器属于自动驾驶系统中计算机的一部",
      "summaryAll": "配平控制器在自动驾驶控制领域中具有重要的作用，配平控制器属于自动驾驶系统中计算机的一部分，计算机主要负责将各传感器、操纵台及有关操纵杆、开关所发出的控制信号进行综合、转换、计算、放大，并将信号输送到舵机伺服阀，有多级及其它操纵机构操纵直升机完成对各种飞行动作的控制。配平控制器主要是将前端也就是伺服放大器的交流信号输出的大小，按照一定的数学关系控制输出脉冲方波，从而驱动舵机对应的配平电路，实现自动配平。<br>　　在通常的设计中，配平控制器一般都是采用固定的模拟器件来实现，只能实现固定的频率的输出而且配平公式也很单一，不能去做动态的修改。本文针对这些问题，提出了用单片机来实现配平控制器，并且可以动态配置输出配平信号的参数。<br>　　本文的研究分为两部分:首先设计配平控制器硬件电路，然后在此硬件基础上开发单片机软件程序以及上位机程序。利用上位机程序发送配置指令给单片机，单片机接收到上位机发送的参数时就可以动态调整配平信号的输出。<br>　　所做的工作具体如下：<br>　　1.利用VS软件设计开发UI界面，可以按照设计的协议配置单片机。<br>　　2.设计了配平控制器硬件电路，并在此基础上进行验证。<br>　　3.在基于C8051的单片机配平控制电路板上面进行配平控制功能验证，并且在Keil-MDK开发环境下，利用在线仿真器，实现程序的在线调试和下载，效果能达到实际要求。",
      "author": "<mark class=highlight>李飞飞</mark>",
      "keywords": "自动驾驶系统,配平控制器,系统设计,单片机",
      "citedIndex": 0,
      "publishDate": "2016-01-01",
      "subject": "",
      "sourceDB": "",
      "journals": null,
      "categoryNo": null,
      "fundProject": null
    },
    {
      "id": "Thesis_D01010674",
      "title": "甘油和乙醇制备复合甘油醚反应过程的研究",
      "summary": "迅速发展的生物柴油产业带来了副产物甘油的大量过剩,如何合理的利用这些过剩的副产品甘油,",
      "summaryAll": "迅速发展的生物柴油产业带来了副产物甘油的大量过剩,如何合理的利用这些过剩的副产品甘油,寻找合理的有效的途径将其转化为更有商业价值的化工产品是全球普遍关注的一大热点。其中，用生物质甘油生产烷基甘油醚用于燃料添加剂就是这样一条高附加值的甘油转化途径。<br>　　生物质甘油与同样是生物质能源的乙醇醚化生成单乙基甘油醚(MEGE)、二乙基甘油醚(DEGE)和三乙基甘油醚(TEGE)。高乙基甘油醚(DEGE和TEGE)是一种有价值的新型燃料含氧添加剂，掺入柴油中能够降低柴油黏度，改善柴油低温性能，还能够提高内燃机的燃烧性能促进柴油完全燃烧并减少污染排放物，还能替代对人体有毒以及环境有危害的甲基叔丁基醚(MTBE)提高柴油的十六烷值。<br>　　本文对甘油和乙醇制复合甘油醚的反应进行了热力学计算与分析，旨在为这类复杂反应预测产物的分布和选择合成目标产物的最佳实验条件奠定基础，为实验提供理论指导，对工业化生产提供有参考价值的基础数据。<br>　　本文首先使用基团贡献法对甘油和乙醇制复合甘油醚反应体系中各物质的标准摩尔生成焓、标准熵以及气体和液体的摩尔热容等相关热力学数据进行了估算，在此基础上计算了相关反应的反应焓变、反应吉布斯自由能变及平衡常数,从热力学角度系统地研究了该反应的方向和限度。在298.15～653K、压力1MPa的条件下详细地研究了相态、温度及原料组成对复合甘油醚合成过程中的平衡转化率、平衡收率以及平衡组成的影响，确定了甘油和乙醇制复合甘油醚体系最适宜的反应条件。<br>　　论文主要结论如下:<br>　　(1)甘油与乙醇制复合甘油醚的反应在298K～650K的范围内都可以自发进行。<br>　　(2)甘油和乙醇制复合甘油醚的反应是三阶梯串联反应，三个反应之间的协同效应使得体系中乙醇的转化率得到提升。<br>　　(3)甘油和乙醇制复合甘油醚的体系最适宜的反应条件：458～483.15K，n(Gl):n(ethanol)为1:4。在此条件下，甘油的平衡转化率为100％，DEGE的平衡收率几乎为0，TEGE的平衡收率接近100%。<br>　　(4)在热力学上，甘油经过反应Ⅰ、反应Ⅱ和反应Ⅲ连续与乙醇反应后，绝大多数均转化成为TEGE，这与实验中很难生成TEGE的结果不一致。其原因是：该体系达到热力学平衡，水的平衡组成在竟然高达60%，大量的水抑制了反应向右进行生成DEGE和TEGE。<br>　　(5)如何在线脱除水分以解决水抑制问题是该反应体系工业化过程要解决的关键问题。",
      "author": "<mark class=highlight>李飞飞</mark>",
      "keywords": "甘油,乙醇,复合甘油醚,燃料添加剂,反应热力学",
      "citedIndex": 0,
      "publishDate": "2016-01-01",
      "subject": "",
      "sourceDB": "",
      "journals": null,
      "categoryNo": null,
      "fundProject": null
    },
    {
      "id": "Periodical_cgjsxb201511020",
      "title": "基于博弈理论的农田能量异构网络节点协同资源利用",
      "summary": "针对无线传感器网络中耗能不均问题，以及可再生能源节点在农田无线传感器网络中应用的具体情",
      "summaryAll": "针对无线传感器网络中耗能不均问题，以及可再生能源节点在农田无线传感器网络中应用的具体情况，将博弈理论引入无线传感器网络能耗问题研究中，建立了基于博弈理论的节点成簇方法，实现提高可再生能源利用率、均衡非可再生能源节点能耗的目标。方法首先建立簇收益与簇内节点收益评估模型，进行簇收益计算、簇内的两类能量异构节点个体收益的计算。在计算簇收益和节点收益的基础上进行节点成簇博弈，使得成簇方案向收益更高的策略空间进行跳转，最终达到博弈中的均衡状态。仿真实验表明，通过博弈进行无线传感器网络成簇，能够充分利用可再生能源节点能量，降低和均衡非可再生能源节点能耗，最终达到延长网络寿命的目标。Farmland Wireless sensor networks have the problem of uneven energy consumption. And with the intro?duction of renewable energy nodes,the farmland wireless sensor networks need a more rational energy collaboration strategy among energy heterogeneous nodes. The Game Theory was introduced in this paper to deal with the collab?orative energy utilization problem in the energy heterogeneous network,and ultimately to achieve the goal of renew?able energy utilization improving and non-renewable energy consumption balance. This method established cluster and cluster nodes payoff assessment model for cluster payoff calculation,as well as payoff calculation of cluster nodes with different energy types. On the basis of payoff calculation,nodes clustered by game theory. Nodes jump to cluster strategy spaces with higher payoff,and at last get the game equilibrium. The simulation result shows that wireless sensor network clustering by game theory can take full advantage of renewable energy node energy and bal?ance the energy consumption of non-renewable energy nodes,therefore to extend the network lifetime.",
      "author": "<mark class=highlight>李飞飞</mark>",
      "keywords": "TN9,TP3,无线传感器网络,能量协同利用,博弈理论,能量异构,wireless sensor network,collaborative energy utilization,game theory,energy heterogeneous",
      "citedIndex": 0,
      "publishDate": "2015-11-30",
      "subject": "",
      "sourceDB": "",
      "journals": null,
      "categoryNo": null,
      "fundProject": null
    },
    {
      "id": "Periodical_kyaqyhb201505025",
      "title": "集合相交法对出水钻孔水源的分析与判别",
      "summary": "及时准确判断矿井突水成因,查找突水水源,是解决和预防突水灾害的关键. 以某矿东钻机在正",
      "summaryAll": "及时准确判断矿井突水成因,查找突水水源,是解决和预防突水灾害的关键. 以某矿东钻机在正常钻进过程中突发井喷的现象为研究背景,通过现场测定出水流量、水温、pH值、电导率,以及室内水化学分析,综合流量、pH值动态分析和水化学分析,初步对井喷钻孔进行水源分析;通过对比分析,依次得到不同分析方法下最有可能的出水含水层,采用集合相交的方法综合分析各可能出水含水层,初步判断出水水源为太原组灰岩含水层.To timely and accurately judge the cause of mine water inrush and find out the water inrush source are the key to solve and prevent water inrush disaster. In this paper, preliminary analysis was made on the water source of the blowout borehole by taking the sudden blowout phenomenon in normal drilling process of the east drilling machine in a mine as study background and through the site measurement of water flow, temperature, pH value and conductivity and indoor hydro-chemical analysis of water samples and the dynamic and hydro-chemical analysis of the integrated water flow and pH value. Through comparison and analysis, the most possible water inrush aquifer was successively obtained by different analysis method, then comprehensive analysis was made on each possible water inrush aquifer with set intersection method, and the preliminarily judgment was that the water inrush source was the Taiyuan limestone aquifer.",
      "author": "<mark class=highlight>李飞飞</mark>",
      "keywords": "P64,TU9,钻孔出水,动态分析,水化学分析,集合相交,水源判别,borehole water inrush,dynamic analysis,hydro-chemical analysis,set intersection method,discrimination of water source",
      "citedIndex": 0,
      "publishDate": "2015-10-10",
      "subject": "",
      "sourceDB": "",
      "journals": null,
      "categoryNo": null,
      "fundProject": null
    },
    {
      "id": "Periodical_hqsgkj201513192",
      "title": "马利冷却塔一机双塔运行研究",
      "summary": "本文通过某厂2台自然通风马利塔性能数据进行分析，比较了在一机一塔、一机双塔工况下冷却塔",
      "summaryAll": "本文通过某厂2台自然通风马利塔性能数据进行分析，比较了在一机一塔、一机双塔工况下冷却塔的冷却效率变化情况，发现在一机双塔工况下，冷却效率下降较多，但机组真空得到明显改善，对于整个机组的经济性来说是有利的。",
      "author": "<mark class=highlight>李飞飞</mark>",
      "keywords": "TP3,TE6,冷却塔,性能试验,一机一塔,一机双塔",
      "citedIndex": 0,
      "publishDate": "2015-05-10",
      "subject": "",
      "sourceDB": "",
      "journals": null,
      "categoryNo": null,
      "fundProject": null
    },
    {
      "id": "Periodical_zgkjzh201508042",
      "title": "高压调节阀门流量运行特性研究",
      "summary": "本文通过对某厂汽轮机高压调节阀门流量运行性能的测试，考察了高压调节阀门单阀运行及顺序阀",
      "summaryAll": "本文通过对某厂汽轮机高压调节阀门流量运行性能的测试，考察了高压调节阀门单阀运行及顺序阀运行时，各阀门开度、机组负荷与主蒸汽流量三者之间的变化关系，通过数据及相应曲线分析，发现机组原始设定阀门重叠度不合理，影响了机组跟负荷反应速率，针对此现象提出了整改建议。",
      "author": "<mark class=highlight>李飞飞</mark>",
      "keywords": "TK3,TK2,高压调节阀,阀门开度,主蒸汽流量,重叠度",
      "citedIndex": 0,
      "publishDate": "2015-04-30",
      "subject": "",
      "sourceDB": "",
      "journals": null,
      "categoryNo": null,
      "fundProject": null
    },
    {
      "id": "Periodical_tjjy201502052",
      "title": "浅论体态律动在学前教育中的应用",
      "summary": "体态律动是20世纪初瑞士作曲家、音乐教育家爱弥尔·雅克·达尔克罗兹(Emile Jaq",
      "summaryAll": "体态律动是20世纪初瑞士作曲家、音乐教育家爱弥尔·雅克·达尔克罗兹(Emile JaquesDalcroze,1865-1950)创立的一种名为Eurhythmic的教学体系.\"Eurhythmic\"是一个源于古希腊的词语,意思为\"良好的流动\",是指对音乐节奏的理解不仅限于其快慢、徐缓,更联系着自身的体感,加深在体内感受到的音乐节奏生命,其目的是通过自身的感受、情绪、身体、动作和意志去体察音乐.在中国称之为\"体态律动\",在《牛津音乐指南》中解释为\"由爱弥尔·雅克·达尔克罗兹创造的一种通过身体运动表达音乐节奏形式的方法\".体态律动内容包括基本体能训练、节奏音感的培养、动作的模仿、自然韵律的表现、即兴反应的练习、空间练习及即兴能力的培养,因此,很有必要将体态律动的相关内容加入学前教育中.但体态律动的教学思想与活动在我国的学前教育中开展的不是很多.本文从三个方面简要介绍其理论基础、核心内容及对教师的要求.",
      "author": "<mark class=highlight>李飞飞</mark>",
      "keywords": "G83,G61",
      "citedIndex": 0,
      "publishDate": "2015-01-21",
      "subject": "",
      "sourceDB": "",
      "journals": null,
      "categoryNo": null,
      "fundProject": null
    },
    {
      "id": "Periodical_zsjjeqy201502045",
      "title": "中国地区产业上游度的测算",
      "summary": "本文借用Pol Antràs(2012)中构建的产业上游度的测算方法度量了中国1997",
      "summaryAll": "本文借用Pol Antràs(2012)中构建的产业上游度的测算方法度量了中国1997年124个、2002 年125 个以及2007 年135 个细分行业的上游度,我们也用2002及2007年的中国地区上游度数据证实了地区的上游度测量结果的稳定性,尽管使用的是更加大类的42各行业的产业分类. 最后,本文探究了产业上游度与地区经济发展状况和产业特征的联系,最后针对产业升级给出相关政策建议.",
      "author": "<mark class=highlight>李飞飞</mark>",
      "keywords": "F27,F12,上游度,价值链,产业升级",
      "citedIndex": 0,
      "publishDate": "2015-01-20",
      "subject": "",
      "sourceDB": "",
      "journals": null,
      "categoryNo": null,
      "fundProject": null
    },
    {
      "id": "Thesis_Y2773727",
      "title": "水下机器人AUV环境地图构建与定位技术研究",
      "summary": "随着人口数量的增长，陆地可利用资源变得越来越少，人们的视线开始转向海洋，但是海洋世界存",
      "summaryAll": "随着人口数量的增长，陆地可利用资源变得越来越少，人们的视线开始转向海洋，但是海洋世界存在气压大、可见度低、环境恶劣等问题，人们无法轻易进入海洋世界。为解决这一难题，人们开始研究出一种新型自主性水下机器人(Autonomous Underwater Vehicle，AUV)使之成为开采海洋资源的水下工具。但是，AUV在进行水下任务时存在两个缺陷:第一，在没有具体的环境信息的条件下，水下机器人是无法进行水下作业、定位、路径规划、行为决策等一系列的自主性任务;第二，在水下环境中还存在环境极其复杂多变、干扰多、噪声大，仅仅凭借里程计等内部传感器是无法实现高精度的导航技术。同时定位与地图构建技术(Simultaneous localization and mapping，SLAM)通过建立运动模型和观测模型对水下机器人的定位信息和外界环境信息进行提取及更新，实现AUV导航。<br>　　目前，为了实现AUV同时定位与环境地图构建技术所应用范围最广泛的方法就是扩展卡尔曼滤波算法(Extended Kalman Filter，EKF)，但是，随着对EKF算法的深入研究，发现EKF算法存在局限性:一是EKF基本原理是将非线性系统线性化，然后用线性系统进行卡尔曼滤波，解决非线性系统状态估计问题，但是在非线性系统线性化过程中忽略了该过程引起的模型误差，将引起滤波误差。另一个局限是它要求噪声统计是已知的，然而在大多数非线性系统中噪声统计是未知的，如果把错误的噪声统计（均值和方差）应用到EKF算法中，会使滤波误差增大，甚至使滤波发散。<br>　　为解决这些局限性，提出构建一种基于虚拟噪声模型来补偿EKF算法。本文重点阐述了基于虚拟噪声补偿的EKF算法的基本原理，并且搭建matlab仿真实验平台，对传统EKF算法和基于虚拟噪声补偿的EKF算法在模拟水下环境的条件下进行对比，并用图表对照来证明改进算法的有效性、可行性、优越性。仿真实验证明，基于虚拟噪声补偿的EKF算法显著提高了非线性滤波的性能，解决了AUV应用SLAM技术精确性和鲁棒性的问题。",
      "author": "<mark class=highlight>李飞飞</mark>",
      "keywords": "水下机器人,地图构建,定位技术,虚拟噪声模型,扩展卡尔曼滤波算法",
      "citedIndex": 0,
      "publishDate": "2015-01-01",
      "subject": "",
      "sourceDB": "",
      "journals": null,
      "categoryNo": null,
      "fundProject": null
    },
    {
      "id": "Thesis_D810299",
      "title": "布匹疵点标记在线检测与含疵样片定位的研究",
      "summary": "现代服装品牌对服装设计、原材料质量、制作加工工艺等要求越来越高，布匹在加工织造过程中产",
      "summaryAll": "现代服装品牌对服装设计、原材料质量、制作加工工艺等要求越来越高，布匹在加工织造过程中产生的疵点是影响服装原材料质量的重要因素。因此，如何在服装加工过程中对布匹上的疵点进行检测、定位、标识，并与自动排料、自动裁剪等工艺流程结合起来，实现服装加工过程中的疵点自动定位与含疵样片自动剔除，对提高服装制造业的自动化程度有重要意义。因此，根据企业需求，提出开展自动化的疵点识别与含疵样片的定位研究工作。<br>　　本文的研究对象是已经在验布机上经过初步检验并做过简单标记的牛仔布匹，主要研究目的是对疵点标记进行识别和定位，提取后续自动排料系统中样片信息并与疵点信息进行匹配，从而实现含疵样片的定位和样片信息的提取，为含疵样片的剔除与替换样片的加工提供参考信息。本课题主要开展了如下研究：<br>　　首先，进行了系统总体方案的设计。对企业自动铺布过程进行分析，结合机器视觉技术，选择合适的图像采集硬件结构，将图像采集模块加装在自动铺布机上，实现自动铺布与自动验布过程的同步性。通过实验验证，本文设计的图像采集系统可实现准确、实时的采集图像，为后期疵点标记及含疵样片的定位做了前期准备。<br>　　其次，进行了图像处理及疵点标记特征提取。通过对采集的各种图像疵点标记特征进行试验，采用中值滤波、最大熵阈值分割、数学形态学运算相结合的图像处理方式，较好地保留了疵点标记信息；然后对图像采用线性扫描的方式，提取疵点标记的位置特征信息，实现了对疵点标记的识别与分类。<br>　　第三，将集合论方法应用到含疵样片的定位研究中，实现疵点在排料系统中的定位。首先提取排料图样片的坐标信息，建立每个样片坐标数据集合；然后运用集合论中求交集的方法采和粗精分级定位方法，判断疵点标记的坐标数据集合与样片坐标数据集合交集是否为零：交集为零，代表此样片属于正常样片；交集不为零，代表属于含疵样片；最后记录含疵样片的序号及信息，为后续的样片补裁和替换提供依据。<br>　　本文研究可以实现疵点标记在自动铺布环节中的识别和定位，与自动排料和自动裁剪工艺流程紧密结合，将疵点检测的理论研究与服装生产的实际操作相结合，通过系列实验验证，此地那的在线检测与定位方法可行、有效，提高服装加工的效率。",
      "author": "<mark class=highlight>李飞飞</mark>",
      "keywords": "布匹产品,疵点标记,在线检测,含疵样片,自动定位",
      "citedIndex": 0,
      "publishDate": "2015-01-01",
      "subject": "",
      "sourceDB": "",
      "journals": null,
      "categoryNo": null,
      "fundProject": null
    },
    {
      "id": "Periodical_dfwhzk201418113",
      "title": "自然通风马利冷却塔一机双塔性能研究",
      "summary": "本文通过某厂2台自然通风马利塔性能数据进行分析，比较了在一机一塔、一机双塔工况下冷却塔",
      "summaryAll": "本文通过某厂2台自然通风马利塔性能数据进行分析，比较了在一机一塔、一机双塔工况下冷却塔的冷却效率变化情况，发现在一机双塔工况下，冷却效率下降较多，因此不建议厂家继续采用一机双塔运行。",
      "author": "<mark class=highlight>李飞飞</mark>",
      "keywords": "TP3,TE6,冷却塔,性能试验,一机一塔,一机双塔",
      "citedIndex": 0,
      "publishDate": "2014-09-30",
      "subject": "",
      "sourceDB": "",
      "journals": null,
      "categoryNo": null,
      "fundProject": null
    },
    {
      "id": "Periodical_dgykz201408007",
      "title": "基于优化的多机协同目标被动跟踪与控制方法",
      "summary": "为提高“战术隐身”和“静默攻击”环境下目标的可观测性和跟踪定位精度，研究并完成了基于滚",
      "summaryAll": "为提高“战术隐身”和“静默攻击”环境下目标的可观测性和跟踪定位精度，研究并完成了基于滚动时域优化（ RHO）的纯方位角被动测量的UAV协同最优目标跟踪问题。对于双机协同最优跟踪的情况，观测UAV的空间相对布局对于被动定位与跟踪的质量起着极为重要的作用，采用最优控制的思想求取最优估计的控制量，实时调整UAV的航向，达到最优目标跟踪，并进行了仿真验证，结果证明了该方法的有效性。To improve the observability and locating precision of targets under electronic silence and tactic invisibility,the optimal passive target tracking by multiple Unmanned Aerial Vehicles (UAVs) using Receding Horizon Optimization ( RHO) was studied.With respect to optimal tracking by dual cooperative UAVs,the spacial layout of the UAVs has great effect on the quality of passive target locating and tracking .To realize the optimal target tracking,the RHO was used to obtain the optimal control solution,and the headings of UAVs were adjusted in real time .Simulation results demonstrate the effectiveness of this method .",
      "author": "<mark class=highlight>李飞飞</mark>",
      "keywords": "TP2,V24,目标跟踪,滚动时域优化,无人机,信息熵,协同控制,target tracking,moving horizon optimization,UAV,information entropy,synergetic control",
      "citedIndex": 0,
      "publishDate": "2014-08-30",
      "subject": "",
      "sourceDB": "",
      "journals": null,
      "categoryNo": null,
      "fundProject": null
    },
    {
      "id": "Periodical_jsnykx201408145",
      "title": "农田能量异构无线传感器网络簇首选择机制",
      "summary": "农田无线传感器网络监测过程中，太阳能电池供电的无线传感器网络有着很多优势，同时也存在着",
      "summaryAll": "农田无线传感器网络监测过程中，太阳能电池供电的无线传感器网络有着很多优势，同时也存在着成本较高的问题。在农田无线传感器网络监测中加入部分太阳能节点进行监测，可以降低成本并延长网络寿命。研究了农田环境中太阳能供电节点与干电池供电节点同时存在时无线传感器网络成簇过程，在LEACH算法的基础上改进了一种簇首选择方法，每一轮通过2次选举，达到优先利用太阳能节点，提高太阳能节点使用效率的目的。仿真结果表明，通过此方法可以提高太阳能的利用率，减缓节点死亡速度，延长网络寿命。",
      "author": "<mark class=highlight>李飞飞</mark>",
      "keywords": "TP2,X83,无线传感器网络,能量异构,太阳能供电,簇首选择,2次选举",
      "citedIndex": 0,
      "publishDate": "2014-08-30",
      "subject": "",
      "sourceDB": "",
      "journals": null,
      "categoryNo": null,
      "fundProject": null
    },
    {
      "id": "Periodical_ysyj201402057",
      "title": "试论学前儿童艺术教育的价值",
      "summary": "改革开放三十多年以来,随着社会政治、经济、文化的发展,我国的学前儿童艺术教育取得了骄人",
      "summaryAll": "改革开放三十多年以来,随着社会政治、经济、文化的发展,我国的学前儿童艺术教育取得了骄人的成绩,并得到了长足的发展.我国儿童艺术教育经历了从复苏阶段,到发展阶段,到全面探索阶段的历程.追溯历史,是为了借鉴历史经验,并理清现在存在的问题.分析学前儿童艺术教育的历史,总结对比艺术教育的作用与意义,从而探求儿童艺术教育的真正价值所在.",
      "author": "<mark class=highlight>李飞飞</mark>",
      "keywords": "R24,R22,学前教育,儿童艺术教育,教育价值",
      "citedIndex": 0,
      "publishDate": "2014-05-25",
      "subject": "",
      "sourceDB": "",
      "journals": null,
      "categoryNo": null,
      "fundProject": null
    },
    {
      "id": "Periodical_hqsgkj201410033",
      "title": "我国碳金融发展的博弈论研究--基于“囚徒困境”分析",
      "summary": "本文首先概述了碳金融概念的兴起与国内外碳金融市场的发展状况；考虑到全球温室气体排放存在",
      "summaryAll": "本文首先概述了碳金融概念的兴起与国内外碳金融市场的发展状况；考虑到全球温室气体排放存在外部性以及全球碳减排责任共担的理性特征而处于“囚徒困境”状态，故建立完全信息静态博弈模型，探讨博弈双方达到最大效益的最优解，并进一步分析基于减排责任共担的中国碳金融单人博弈；最后，提出促进我国碳金融市场发展的对策建议。",
      "author": "<mark class=highlight>李飞飞</mark>",
      "keywords": "D92,TN9,碳金融,囚徒困境,博弈,减排责任共担",
      "citedIndex": 0,
      "publishDate": "2014-04-10",
      "subject": "",
      "sourceDB": "",
      "journals": null,
      "categoryNo": null,
      "fundProject": null
    },
    {
      "id": "Periodical_zsdxxb201401020",
      "title": "利用SSR及ISSR分子标记研究苜蓿属及其近缘植物的亲缘关系",
      "summary": "利用30对SSR引物和12个ISSR引物对苜蓿属（Medicago）及其近缘植物共11",
      "summaryAll": "利用30对SSR引物和12个ISSR引物对苜蓿属（Medicago）及其近缘植物共11个物种的亲缘关系进行研究。通过遗传多样性研究及UPGMA聚类分析显示，“阔荚类群”（subgen．Platycapos）的4个种在两种分子标记下都聚为一支，符合其相似的形态学特征；“阔荚类群”在SSR分子标记中与胡卢巴属（Trigonella）聚成一支，网脉胡卢巴（T．cancellata）在ISSR分子标记中聚在“阔荚类群”中；两种分子标记中，“紫花苜蓿复合体”（Medicago sativa complex）3个种间的遗传距离都最短；南苜蓿（M．polymorpha）在两种分子标记下的聚类结果有所不同，SSR分子标记下与胡卢巴属的亲缘关系更近。研究说明苜蓿属与胡卢巴属具有很近的亲缘关系，苜蓿属内不同物种与胡卢巴属的亲缘关系有远有近，其中苜蓿属中的“阔荚类群”与胡卢巴属的关系最近，苜蓿属中其他物种与胡卢巴属的亲缘关系较远。The genetic relationships among 1 1 species of Medicago and relative species were studied by using 30 pair of SSR primers and 12 ISSR primers.Based on genetic diversity analysis and UPGMA clus-ter analysis the results showed that 4 species of subgen.Platycapos were clustered together,related to their similar morphological characteristics;species of subgen.Platycapos were clustered with Trigonella, while T.cancellata were nested in subgen.Platycapos clade;the genetic distances among 3species of M. sativa complex were shortest;M.polymorpha was closer to Trigonella in ISSR results.Thus Trigonella had close genetic relationship with Medicago,especially species of subgen.Platycapos,and relatively farther from other species in Medicago.",
      "author": "<mark class=highlight>李飞飞</mark>",
      "keywords": "R28,S81,苜蓿属,近缘植物,分子标记,亲缘关系,Medicago,relative species,microsatellite markers,genetic relationships",
      "citedIndex": 0,
      "publishDate": "2014-01-30",
      "subject": "",
      "sourceDB": "",
      "journals": null,
      "categoryNo": null,
      "fundProject": null
    },
    {
      "id": "Thesis_D572783",
      "title": "宫崎骏的动画作品——《龙猫》的解读与分析",
      "summary": "作为21世纪的一个新兴产业,动画已逐步成为各国文化产业中不可缺少的组成部分。日本的动画",
      "summaryAll": "作为21世纪的一个新兴产业,动画已逐步成为各国文化产业中不可缺少的组成部分。日本的动画产业一直位于全球前列,而宫崎骏大师更是其中一颗璀璨的明星,他所创作的动画对日本动画产业的发展起到巨大的推动作用。<br>　　本文以艺术学理论为基础,以宫崎骏的动画作品《龙猫》为研究文本,通过对《龙猫》的分析研究,探寻宫崎骏动画世界的秘密。首先,本文对宫崎骏本人做了简要概述,并对他的作品《龙猫》进行文本分析,深入解剖宫崎骏动画的主题思想;其次,从题材、角色、场景、色彩等四个方面出发,对《龙猫》的艺术特色进行了详细分析,研究宫崎骏如何将民族特征、人生经历融入进自己的动画创作之中,使观众在欣赏动画的同时,也能从中得到收获;最后,通过以上分析,探讨宫崎骏动画对于我国动画发展的启示性意义。",
      "author": "<mark class=highlight>李飞飞</mark>",
      "keywords": "宫崎骏,日本漫画家,动画作品,主题思想,艺术特色",
      "citedIndex": 0,
      "publishDate": "2014-01-01",
      "subject": "",
      "sourceDB": "",
      "journals": null,
      "categoryNo": null,
      "fundProject": null
    },
    {
      "id": "Periodical_zglcyxyxzz201311001",
      "title": "低剂量CT扫描技术在头颈部CTA中的应用价值研究",
      "summary": "目的:探讨低剂量CT(低管电压)扫描技术在头颈部CTA中的临床应用价值.方法:将55例",
      "summaryAll": "目的:探讨低剂量CT(低管电压)扫描技术在头颈部CTA中的临床应用价值.方法:将55例BMI＜22.9 kg/m2的成年头颈部血管受检者随机分成两组,分别采用常规剂量(120 kV、175 mA)和低剂量(80 kV、175 mA)进行64排螺旋CT扫描,利用InSpace、Neuro DSA、3D图像后处理软件对图像进行后处理,分析两组受检者的图像质量和诊断价值评估,并使用卡方检验对两组数据进行统计学比较.同时,记录两组患者所接受的辐射剂量值.结果:结果显示常规剂量图像质量略高于低剂量组,但无统计学意义(P＞0.05).信噪比方面低剂量组图像颗粒略增粗,但不影响诊断质量,无统计学意义(P＞0.05).两组患者的BMI值无统计学差异(乃0.05).低剂量组所接受的辐射剂量远低于常规剂量组,CTDlvol与DLP值分别下降71.22％和72.03％.两组病例中分别有1例图像质量为差的病例,经调查系人为因素所致,未纳入本研究统计学范畴.结论:低剂量CTA扫描技术完全可以运用于头颈部血管性病变的斑块筛查、血管狭窄度评估及支架植入术后评估等,同时可大大降低受检者的医源性辐射剂量.",
      "author": "<mark class=highlight>李飞飞</mark>",
      "keywords": "R81,R44,脑血管障碍,体层摄影术,螺旋计算机,血管造影术,Cerebrovascular disorders,Tomography,spiral computed,Angiography",
      "citedIndex": 0,
      "publishDate": "2013-11-30",
      "subject": "",
      "sourceDB": "",
      "journals": null,
      "categoryNo": null,
      "fundProject": null
    },
    {
      "id": "Periodical_xkcdx-s201330048",
      "title": "新课标下初中生英语写作能力的培养",
      "summary": "初中英语写作是反映初中生对英语词汇、语法、句型等方面综合运用能力的考查,可以全面反映学",
      "summaryAll": "初中英语写作是反映初中生对英语词汇、语法、句型等方面综合运用能力的考查,可以全面反映学生的英语基础知识是否扎实,能否灵活运用英语来表达自己的思想,写作方式是否合乎英语思维等,是对学习并真正掌握和运用英语的大检阅.初中英语教师应该从多方面培养学生良好的写作习惯,形成正确的语感,将英语写作训练作为一项重要的教学任务,让学生通过英语写作提高他们对英语语言的驾驭能力.",
      "author": "<mark class=highlight>李飞飞</mark>",
      "keywords": "G63,G4,英语写作,写作技巧,语感",
      "citedIndex": 0,
      "publishDate": "2013-10-30",
      "subject": "",
      "sourceDB": "",
      "journals": null,
      "categoryNo": null,
      "fundProject": null
    }
  ],
  "patentList": [
    {
      "applicant": "天津迈沃医药技术股份有限公司",
      "categoryNo": "G16",
      "countryCode": "CN",
      "id": "CN201811521008.7",
      "inventor": "赵欣",
      "legalStatus": "",
      "patentNo": "CN201811521008.7",
      "pct": "",
      "summary": "本发明提供一种基于疾病圈数据信息的个性化定制方法及系统，包括如下步骤：建立医学信息本体Medical <mark class=highlight>Ontology</mark>数据库",
      "summaryAll": "本发明提供一种基于疾病圈数据信息的个性化定制方法及系统，包括如下步骤：建立医学信息本体Medical Ontology数据库，创建一个以药品电子标识码为关键码的存储MO数据库中对应的MO terms的哈希表MO hash；创建疾病圈，疾病圈的个人会员，提出个性化定制要求；疾病圈根据个性化定制要求匹配医生会员和营养师会员来出具疾病管理方案。通过本发明的方法，建立一种基于疾病圈数据信息的个性化定制方法及系统，为疾病自诊信息平台提供个性化定制的方法，为病患的个性化治疗和调养提供技术支撑。",
      "title": "一种基于疾病圈数据信息的个性化定制方法及系统",
      "type": ""
    },
    {
      "applicant": "天津迈沃医药技术股份有限公司",
      "categoryNo": "G16",
      "countryCode": "CN",
      "id": "CN201811521009.7",
      "inventor": "赵欣",
      "legalStatus": "",
      "patentNo": "CN201811521008.7",
      "pct": "",
      "summary": "本发明提供一种基于疾病圈数据信息的个性化定制方法及系统，包括如下步骤：建立医学信息本体Medical <mark class=highlight>Ontology</mark>数据库",
      "summaryAll": "本发明提供一种基于疾病圈数据信息的个性化定制方法及系统，包括如下步骤：建立医学信息本体Medical Ontology数据库，创建一个以药品电子标识码为关键码的存储MO数据库中对应的MO terms的哈希表MO hash；创建疾病圈，疾病圈的个人会员，提出个性化定制要求；疾病圈根据个性化定制要求匹配医生会员和营养师会员来出具疾病管理方案。通过本发明的方法，建立一种基于疾病圈数据信息的个性化定制方法及系统，为疾病自诊信息平台提供个性化定制的方法，为病患的个性化治疗和调养提供技术支撑。",
      "title": "一种基于疾病圈数据信息的个性化定制方法及系统",
      "type": ""
    },
    {
      "applicant": "天津迈沃医药技术股份有限公司",
      "categoryNo": "G16",
      "countryCode": "CN",
      "id": "CN201811521006.7",
      "inventor": "赵欣",
      "legalStatus": "",
      "patentNo": "CN201811521008.7",
      "pct": "",
      "summary": "本发明提供一种基于疾病圈数据信息的个性化定制方法及系统，包括如下步骤：建立医学信息本体Medical <mark class=highlight>Ontology</mark>数据库",
      "summaryAll": "本发明提供一种基于疾病圈数据信息的个性化定制方法及系统，包括如下步骤：建立医学信息本体Medical Ontology数据库，创建一个以药品电子标识码为关键码的存储MO数据库中对应的MO terms的哈希表MO hash；创建疾病圈，疾病圈的个人会员，提出个性化定制要求；疾病圈根据个性化定制要求匹配医生会员和营养师会员来出具疾病管理方案。通过本发明的方法，建立一种基于疾病圈数据信息的个性化定制方法及系统，为疾病自诊信息平台提供个性化定制的方法，为病患的个性化治疗和调养提供技术支撑。",
      "title": "一种基于疾病圈数据信息的个性化定制方法及系统",
      "type": ""
    },
    {
      "applicant": "天津迈沃医药技术股份有限公司",
      "categoryNo": "G16",
      "countryCode": "CN",
      "id": "CN201811521005.7",
      "inventor": "赵欣",
      "legalStatus": "",
      "patentNo": "CN201811521008.7",
      "pct": "",
      "summary": "本发明提供一种基于疾病圈数据信息的个性化定制方法及系统，包括如下步骤：建立医学信息本体Medical <mark class=highlight>Ontology</mark>数据库",
      "summaryAll": "本发明提供一种基于疾病圈数据信息的个性化定制方法及系统，包括如下步骤：建立医学信息本体Medical Ontology数据库，创建一个以药品电子标识码为关键码的存储MO数据库中对应的MO terms的哈希表MO hash；创建疾病圈，疾病圈的个人会员，提出个性化定制要求；疾病圈根据个性化定制要求匹配医生会员和营养师会员来出具疾病管理方案。通过本发明的方法，建立一种基于疾病圈数据信息的个性化定制方法及系统，为疾病自诊信息平台提供个性化定制的方法，为病患的个性化治疗和调养提供技术支撑。",
      "title": "一种基于疾病圈数据信息的个性化定制方法及系统",
      "type": ""
    }
  ],
  "standardList": [
    {
      "categoryNoCN": "L;L71,电子元器件与信息技术, 信息处理技术",
      "categoryNoIN": "35;35.040",
      "draftUnit": "",
      "id": "79",
      "implementDate": "2018-03-10",
      "mandatoryStandard": "否",
      "nameCN": "(speaker <mark class=highlight>recognition</mark>)",
      "nameEN": "Technology specification for automatic voiceprint recognition(speaker recognition)",
      "publishDate": "2018-03-10",
      "standardNo": "SJ/T 11380-2008",
      "status": "现行",
      "summary": "本标准规定了声纹识别（系统）的术语与定义、数据交换格式与应用编程接口（VPR-API ",
      "summaryAll": "本标准规定了声纹识别（系统）的术语与定义、数据交换格式与应用编程接口（VPR-API 1.0）。本标准适用于各种计算机、网络和智能设备配置的声纹识别系统。"
    },
    {
      "categoryNoCN": "L;L71,电子元器件与信息技术, 信息处理技术",
      "categoryNoIN": "35;35.040",
      "draftUnit": "",
      "id": "80",
      "implementDate": "2018-03-10",
      "mandatoryStandard": "否",
      "nameCN": "(speaker <mark class=highlight>recognition</mark>)",
      "nameEN": "Technology specification for automatic voiceprint recognition(speaker recognition)",
      "publishDate": "2018-03-10",
      "standardNo": "SJ/T 11380-2008",
      "status": "现行",
      "summary": "本标准规定了声纹识别（系统）的术语与定义、数据交换格式与应用编程接口（VPR-API ",
      "summaryAll": "本标准规定了声纹识别（系统）的术语与定义、数据交换格式与应用编程接口（VPR-API 1.0）。本标准适用于各种计算机、网络和智能设备配置的声纹识别系统。"
    },
    {
      "categoryNoCN": "L;L71,电子元器件与信息技术, 信息处理技术",
      "categoryNoIN": "35;35.040",
      "draftUnit": "",
      "id": "67",
      "implementDate": "2018-03-10",
      "mandatoryStandard": "否",
      "nameCN": "(speaker <mark class=highlight>recognition</mark>)",
      "nameEN": "Technology specification for automatic voiceprint recognition(speaker recognition)",
      "publishDate": "2018-03-10",
      "standardNo": "SJ/T 11380-2008",
      "status": "现行",
      "summary": "本标准规定了声纹识别（系统）的术语与定义、数据交换格式与应用编程接口（VPR-API ",
      "summaryAll": "本标准规定了声纹识别（系统）的术语与定义、数据交换格式与应用编程接口（VPR-API 1.0）。本标准适用于各种计算机、网络和智能设备配置的声纹识别系统。"
    }
  ],
  "graph": {
    "fakeNodes": [
      {
        "id": 1,
        "code": "0",
        "name": "吴恩达",
        "type": "expert",
        "level": "1",
        "colorIdx": "0",
        "keyword": "Andrew Y Ng",
        "layout": null
      },
      {
        "id": 2,
        "code": "1",
        "name": "荣誉",
        "type": "honor",
        "level": "2",
        "colorIdx": "5",
        "keyword": "Andrew Y Ng",
        "layout": null
      },
      {
        "id": 3,
        "code": "2",
        "name": "组织",
        "type": "org",
        "level": "2",
        "colorIdx": "6",
        "keyword": "Andrew Y Ng",
        "layout": null
      },
      {
        "id": 4,
        "code": "3",
        "name": "三维重建",
        "type": "keyword",
        "level": "2",
        "colorIdx": "1",
        "keyword": "Andrew Y Ng",
        "layout": null
      },
      {
        "id": 5,
        "code": "4",
        "name": "论文",
        "type": "paper",
        "level": "3",
        "colorIdx": "1",
        "keyword": "Andrew Y Ng",
        "layout": null
      },
      {
        "id": 6,
        "code": "5",
        "name": "专利",
        "type": "paper",
        "level": "3",
        "colorIdx": "1",
        "keyword": "Andrew Y Ng",
        "layout": null
      },
      {
        "id": 7,
        "code": "6",
        "name": "Min Sun",
        "type": "expert",
        "level": "3",
        "colorIdx": "1",
        "keyword": "Andrew Y Ng",
        "layout": null
      },
      {
        "id": 8,
        "code": "7",
        "name": "Ashutosh Saxena",
        "type": "expert",
        "level": "3",
        "colorIdx": "1",
        "keyword": "Andrew Y Ng",
        "layout": null
      },
      {
        "id": 9,
        "code": "8",
        "name": "物体检测",
        "type": "keyword",
        "level": "4",
        "colorIdx": "1",
        "keyword": "Andrew Y Ng",
        "layout": null
      },
      {
        "id": 10,
        "code": "9",
        "name": "视频分析",
        "type": "keyword",
        "level": "4",
        "colorIdx": "1",
        "keyword": "Andrew Y Ng",
        "layout": null
      },
      {
        "id": 11,
        "code": "10",
        "name": "无人驾驶",
        "type": "keyword",
        "level": "4",
        "colorIdx": "1",
        "keyword": "Andrew Y Ng",
        "layout": null
      },
      {
        "id": 12,
        "code": "11",
        "name": "随机过程",
        "type": "keyword",
        "level": "4",
        "colorIdx": "1",
        "keyword": "Andrew Y Ng",
        "layout": null
      },
      {
        "id": 13,
        "code": "12",
        "name": "Silvio Savarese",
        "type": "expert",
        "level": "5",
        "colorIdx": "1",
        "keyword": "Andrew Y Ng",
        "layout": null
      },
      {
        "id": 14,
        "code": "13",
        "name": "Gary R. Bradski",
        "type": "expert",
        "level": "5",
        "colorIdx": "1",
        "keyword": "Andrew Y Ng",
        "layout": null
      },
      {
        "id": 15,
        "code": "14",
        "name": "Juan Carlos Niebles",
        "type": "expert",
        "level": "5",
        "colorIdx": "1",
        "keyword": "Andrew Y Ng",
        "layout": null
      },
      {
        "id": 16,
        "code": "15",
        "name": "Kuo-Hao Zeng",
        "type": "expert",
        "level": "5",
        "colorIdx": "1",
        "keyword": "Andrew Y Ng",
        "layout": null
      },
      {
        "id": 17,
        "code": "16",
        "name": "Hema Swetha Koppula",
        "type": "expert",
        "level": "5",
        "colorIdx": "1",
        "keyword": "Andrew Y Ng",
        "layout": null
      },
      {
        "id": 18,
        "code": "17",
        "name": "Ashesh Jain",
        "type": "expert",
        "level": "5",
        "colorIdx": "1",
        "keyword": "Andrew Y Ng",
        "layout": null
      },
      {
        "id": 19,
        "code": "18",
        "name": "Yun Jiang",
        "type": "expert",
        "level": "5",
        "colorIdx": "1",
        "keyword": "Andrew Y Ng",
        "layout": null
      },
      {
        "id": 20,
        "code": "19",
        "name": "Marcus Lim",
        "type": "expert",
        "level": "5",
        "colorIdx": "1",
        "keyword": "Andrew Y Ng",
        "layout": null
      },
      {
        "id": 21,
        "code": "20",
        "name": "深度学习",
        "type": "keyword",
        "level": "2",
        "colorIdx": "2",
        "keyword": "Andrew Y Ng",
        "layout": null
      },
      {
        "id": 22,
        "code": "21",
        "name": "论文",
        "type": "paper",
        "level": "3",
        "colorIdx": "2",
        "keyword": "Andrew Y Ng",
        "layout": null
      },
      {
        "id": 23,
        "code": "22",
        "name": "专利",
        "type": "paper",
        "level": "3",
        "colorIdx": "2",
        "keyword": "Andrew Y Ng",
        "layout": null
      },
      {
        "id": 24,
        "code": "23",
        "name": "Adam Coates",
        "type": "expert",
        "level": "3",
        "colorIdx": "2",
        "keyword": "Andrew Y Ng",
        "layout": null
      },
      {
        "id": 25,
        "code": "24",
        "name": "Sebastian Thrun",
        "type": "expert",
        "level": "3",
        "colorIdx": "2",
        "keyword": "Andrew Y Ng",
        "layout": null
      },
      {
        "id": 26,
        "code": "25",
        "name": "机器翻译",
        "type": "keyword",
        "level": "4",
        "colorIdx": "2",
        "keyword": "Andrew Y Ng",
        "layout": null
      },
      {
        "id": 27,
        "code": "26",
        "name": "语音识别",
        "type": "keyword",
        "level": "4",
        "colorIdx": "2",
        "keyword": "Andrew Y Ng",
        "layout": null
      },
      {
        "id": 28,
        "code": "27",
        "name": "机器人",
        "type": "keyword",
        "level": "4",
        "colorIdx": "2",
        "keyword": "Andrew Y Ng",
        "layout": null
      },
      {
        "id": 29,
        "code": "28",
        "name": "无人驾驶",
        "type": "keyword",
        "level": "4",
        "colorIdx": "2",
        "keyword": "Andrew Y Ng",
        "layout": null
      },
      {
        "id": 30,
        "code": "29",
        "name": "Sanjeev Satheesh",
        "type": "expert",
        "level": "5",
        "colorIdx": "2",
        "keyword": "Andrew Y Ng",
        "layout": null
      },
      {
        "id": 31,
        "code": "30",
        "name": "Anuroop Sriram",
        "type": "expert",
        "level": "5",
        "colorIdx": "2",
        "keyword": "Andrew Y Ng",
        "layout": null
      },
      {
        "id": 32,
        "code": "31",
        "name": "Zhenyao Zhu",
        "type": "expert",
        "level": "5",
        "colorIdx": "2",
        "keyword": "Andrew Y Ng",
        "layout": null
      },
      {
        "id": 33,
        "code": "32",
        "name": "Eric Battenberg ",
        "type": "expert",
        "level": "5",
        "colorIdx": "2",
        "keyword": "Andrew Y Ng",
        "layout": null
      },
      {
        "id": 34,
        "code": "33",
        "name": "Wolfram Burgard",
        "type": "expert",
        "level": "5",
        "colorIdx": "2",
        "keyword": "Andrew Y Ng",
        "layout": null
      },
      {
        "id": 35,
        "code": "34",
        "name": "Dieter Fox",
        "type": "expert",
        "level": "5",
        "colorIdx": "2",
        "keyword": "Andrew Y Ng",
        "layout": null
      },
      {
        "id": 36,
        "code": "35",
        "name": "Michael Montemerlo",
        "type": "expert",
        "level": "5",
        "colorIdx": "2",
        "keyword": "Andrew Y Ng",
        "layout": null
      },
      {
        "id": 37,
        "code": "36",
        "name": "David Stavens",
        "type": "expert",
        "level": "5",
        "colorIdx": "2",
        "keyword": "Andrew Y Ng",
        "layout": null
      },
      {
        "id": 38,
        "code": "37",
        "name": "强化学习",
        "type": "keyword",
        "level": "2",
        "colorIdx": "3",
        "keyword": "Andrew Y Ng",
        "layout": null
      },
      {
        "id": 39,
        "code": "38",
        "name": "论文",
        "type": "paper",
        "level": "3",
        "colorIdx": "3",
        "keyword": "Andrew Y Ng",
        "layout": null
      },
      {
        "id": 40,
        "code": "39",
        "name": "专利",
        "type": "paper",
        "level": "3",
        "colorIdx": "3",
        "keyword": "Andrew Y Ng",
        "layout": null
      },
      {
        "id": 41,
        "code": "40",
        "name": "Pieter Abbeel",
        "type": "expert",
        "level": "3",
        "colorIdx": "3",
        "keyword": "Andrew Y Ng",
        "layout": null
      },
      {
        "id": 42,
        "code": "41",
        "name": "Michael I. Jordan",
        "type": "expert",
        "level": "3",
        "colorIdx": "3",
        "keyword": "Andrew Y Ng",
        "layout": null
      },
      {
        "id": 43,
        "code": "42",
        "name": "强化学习",
        "type": "keyword",
        "level": "4",
        "colorIdx": "3",
        "keyword": "Andrew Y Ng",
        "layout": null
      },
      {
        "id": 44,
        "code": "43",
        "name": "机器人",
        "type": "keyword",
        "level": "4",
        "colorIdx": "3",
        "keyword": "Andrew Y Ng",
        "layout": null
      },
      {
        "id": 45,
        "code": "44",
        "name": "最优化",
        "type": "keyword",
        "level": "4",
        "colorIdx": "3",
        "keyword": "Andrew Y Ng",
        "layout": null
      },
      {
        "id": 46,
        "code": "45",
        "name": "贝叶斯无参优化",
        "type": "keyword",
        "level": "4",
        "colorIdx": "3",
        "keyword": "Andrew Y Ng",
        "layout": null
      },
      {
        "id": 47,
        "code": "46",
        "name": "Sergey Levine",
        "type": "expert",
        "level": "5",
        "colorIdx": "3",
        "keyword": "Andrew Y Ng",
        "layout": null
      },
      {
        "id": 48,
        "code": "47",
        "name": "Chelsea Finn",
        "type": "expert",
        "level": "5",
        "colorIdx": "3",
        "keyword": "Andrew Y Ng",
        "layout": null
      },
      {
        "id": 49,
        "code": "48",
        "name": "Kenneth Y. Goldberg",
        "type": "expert",
        "level": "5",
        "colorIdx": "3",
        "keyword": "Andrew Y Ng",
        "layout": null
      },
      {
        "id": 50,
        "code": "49",
        "name": "Sachin Patil",
        "type": "expert",
        "level": "5",
        "colorIdx": "3",
        "keyword": "Andrew Y Ng",
        "layout": null
      },
      {
        "id": 51,
        "code": "50",
        "name": "Martin J. Wainwright",
        "type": "expert",
        "level": "5",
        "colorIdx": "3",
        "keyword": "Andrew Y Ng",
        "layout": null
      },
      {
        "id": 52,
        "code": "51",
        "name": "John C. Duchi",
        "type": "expert",
        "level": "5",
        "colorIdx": "3",
        "keyword": "Andrew Y Ng",
        "layout": null
      },
      {
        "id": 53,
        "code": "52",
        "name": "David M. Blei",
        "type": "expert",
        "level": "5",
        "colorIdx": "3",
        "keyword": "Andrew Y Ng",
        "layout": null
      },
      {
        "id": 54,
        "code": "53",
        "name": "John W. Paisley",
        "type": "expert",
        "level": "5",
        "colorIdx": "3",
        "keyword": "Andrew Y Ng",
        "layout": null
      },
      {
        "id": 55,
        "code": "54",
        "name": "语义识别",
        "type": "keyword",
        "level": "2",
        "colorIdx": "4",
        "keyword": "Andrew Y Ng",
        "layout": null
      },
      {
        "id": 56,
        "code": "55",
        "name": "论文",
        "type": "paper",
        "level": "3",
        "colorIdx": "4",
        "keyword": "Andrew Y Ng",
        "layout": null
      },
      {
        "id": 57,
        "code": "56",
        "name": "专利",
        "type": "paper",
        "level": "3",
        "colorIdx": "4",
        "keyword": "Andrew Y Ng",
        "layout": null
      },
      {
        "id": 58,
        "code": "57",
        "name": "Christopher D. Manning",
        "type": "expert",
        "level": "3",
        "colorIdx": "4",
        "keyword": "Andrew Y Ng",
        "layout": null
      },
      {
        "id": 59,
        "code": "58",
        "name": "Richard Socher",
        "type": "expert",
        "level": "3",
        "colorIdx": "4",
        "keyword": "Andrew Y Ng",
        "layout": null
      },
      {
        "id": 60,
        "code": "59",
        "name": "机器翻译",
        "type": "keyword",
        "level": "4",
        "colorIdx": "4",
        "keyword": "Andrew Y Ng",
        "layout": null
      },
      {
        "id": 61,
        "code": "60",
        "name": "语义角色标注",
        "type": "keyword",
        "level": "4",
        "colorIdx": "4",
        "keyword": "Andrew Y Ng",
        "layout": null
      },
      {
        "id": 62,
        "code": "61",
        "name": "问答系统",
        "type": "keyword",
        "level": "4",
        "colorIdx": "4",
        "keyword": "Andrew Y Ng",
        "layout": null
      },
      {
        "id": 63,
        "code": "62",
        "name": "机器翻译",
        "type": "keyword",
        "level": "4",
        "colorIdx": "4",
        "keyword": "Andrew Y Ng",
        "layout": null
      },
      {
        "id": 64,
        "code": "63",
        "name": "Daniel Jurafsky",
        "type": "expert",
        "level": "5",
        "colorIdx": "4",
        "keyword": "Andrew Y Ng",
        "layout": null
      },
      {
        "id": 65,
        "code": "64",
        "name": "Daniel M. Cer",
        "type": "expert",
        "level": "5",
        "colorIdx": "4",
        "keyword": "Andrew Y Ng",
        "layout": null
      },
      {
        "id": 66,
        "code": "65",
        "name": "Aria Haghighi ",
        "type": "expert",
        "level": "5",
        "colorIdx": "4",
        "keyword": "Andrew Y Ng",
        "layout": null
      },
      {
        "id": 67,
        "code": "66",
        "name": "Kristina Toutanova",
        "type": "expert",
        "level": "5",
        "colorIdx": "4",
        "keyword": "Andrew Y Ng",
        "layout": null
      },
      {
        "id": 68,
        "code": "67",
        "name": "Caiming Xiong",
        "type": "expert",
        "level": "5",
        "colorIdx": "4",
        "keyword": "Andrew Y Ng",
        "layout": null
      },
      {
        "id": 69,
        "code": "68",
        "name": "Victor Zhong",
        "type": "expert",
        "level": "5",
        "colorIdx": "4",
        "keyword": "Andrew Y Ng",
        "layout": null
      },
      {
        "id": 70,
        "code": "69",
        "name": "James Bradbury",
        "type": "expert",
        "level": "5",
        "colorIdx": "4",
        "keyword": "Andrew Y Ng",
        "layout": null
      },
      {
        "id": 71,
        "code": "70",
        "name": "Victor O. K. Li",
        "type": "expert",
        "level": "5",
        "colorIdx": "4",
        "keyword": "Andrew Y Ng",
        "layout": null
      }
    ],
    "fakeLinks": [
      {
        "id": 1,
        "source": "0",
        "target": "1"
      },
      {
        "id": 2,
        "source": "0",
        "target": "2"
      },
      {
        "id": 3,
        "source": "0",
        "target": "3"
      },
      {
        "id": 20,
        "source": "0",
        "target": "20"
      },
      {
        "id": 37,
        "source": "0",
        "target": "37"
      },
      {
        "id": 54,
        "source": "0",
        "target": "54"
      },
      {
        "id": 4,
        "source": "3",
        "target": "4"
      },
      {
        "id": 5,
        "source": "3",
        "target": "5"
      },
      {
        "id": 6,
        "source": "3",
        "target": "6"
      },
      {
        "id": 7,
        "source": "3",
        "target": "7"
      },
      {
        "id": 8,
        "source": "6",
        "target": "8"
      },
      {
        "id": 9,
        "source": "6",
        "target": "9"
      },
      {
        "id": 10,
        "source": "7",
        "target": "10"
      },
      {
        "id": 11,
        "source": "7",
        "target": "11"
      },
      {
        "id": 12,
        "source": "8",
        "target": "12"
      },
      {
        "id": 13,
        "source": "8",
        "target": "13"
      },
      {
        "id": 14,
        "source": "9",
        "target": "14"
      },
      {
        "id": 15,
        "source": "9",
        "target": "15"
      },
      {
        "id": 16,
        "source": "10",
        "target": "16"
      },
      {
        "id": 17,
        "source": "10",
        "target": "17"
      },
      {
        "id": 18,
        "source": "11",
        "target": "18"
      },
      {
        "id": 19,
        "source": "11",
        "target": "19"
      },
      {
        "id": 21,
        "source": "20",
        "target": "21"
      },
      {
        "id": 22,
        "source": "20",
        "target": "22"
      },
      {
        "id": 23,
        "source": "20",
        "target": "23"
      },
      {
        "id": 24,
        "source": "20",
        "target": "24"
      },
      {
        "id": 25,
        "source": "23",
        "target": "25"
      },
      {
        "id": 26,
        "source": "23",
        "target": "26"
      },
      {
        "id": 27,
        "source": "24",
        "target": "27"
      },
      {
        "id": 28,
        "source": "24",
        "target": "28"
      },
      {
        "id": 29,
        "source": "25",
        "target": "29"
      },
      {
        "id": 30,
        "source": "25",
        "target": "30"
      },
      {
        "id": 31,
        "source": "26",
        "target": "31"
      },
      {
        "id": 32,
        "source": "26",
        "target": "32"
      },
      {
        "id": 33,
        "source": "27",
        "target": "33"
      },
      {
        "id": 34,
        "source": "27",
        "target": "34"
      },
      {
        "id": 35,
        "source": "28",
        "target": "35"
      },
      {
        "id": 36,
        "source": "28",
        "target": "36"
      },
      {
        "id": 38,
        "source": "37",
        "target": "38"
      },
      {
        "id": 39,
        "source": "37",
        "target": "39"
      },
      {
        "id": 40,
        "source": "37",
        "target": "40"
      },
      {
        "id": 41,
        "source": "37",
        "target": "41"
      },
      {
        "id": 42,
        "source": "40",
        "target": "42"
      },
      {
        "id": 43,
        "source": "40",
        "target": "43"
      },
      {
        "id": 44,
        "source": "41",
        "target": "44"
      },
      {
        "id": 45,
        "source": "41",
        "target": "45"
      },
      {
        "id": 46,
        "source": "42",
        "target": "46"
      },
      {
        "id": 47,
        "source": "42",
        "target": "47"
      },
      {
        "id": 48,
        "source": "43",
        "target": "48"
      },
      {
        "id": 49,
        "source": "43",
        "target": "49"
      },
      {
        "id": 50,
        "source": "44",
        "target": "50"
      },
      {
        "id": 51,
        "source": "44",
        "target": "51"
      },
      {
        "id": 52,
        "source": "45",
        "target": "52"
      },
      {
        "id": 53,
        "source": "45",
        "target": "53"
      },
      {
        "id": 55,
        "source": "54",
        "target": "55"
      },
      {
        "id": 56,
        "source": "54",
        "target": "56"
      },
      {
        "id": 57,
        "source": "54",
        "target": "57"
      },
      {
        "id": 58,
        "source": "54",
        "target": "58"
      },
      {
        "id": 59,
        "source": "57",
        "target": "59"
      },
      {
        "id": 60,
        "source": "57",
        "target": "60"
      },
      {
        "id": 61,
        "source": "58",
        "target": "61"
      },
      {
        "id": 62,
        "source": "58",
        "target": "62"
      },
      {
        "id": 63,
        "source": "59",
        "target": "63"
      },
      {
        "id": 64,
        "source": "59",
        "target": "64"
      },
      {
        "id": 65,
        "source": "60",
        "target": "65"
      },
      {
        "id": 66,
        "source": "60",
        "target": "66"
      },
      {
        "id": 67,
        "source": "61",
        "target": "67"
      },
      {
        "id": 68,
        "source": "61",
        "target": "68"
      },
      {
        "id": 69,
        "source": "62",
        "target": "69"
      },
      {
        "id": 70,
        "source": "62",
        "target": "70"
      }
    ]
  }
}