{
  "success": true,
  "message": "",
  "expertVO": {
    "id": 366845,
    "name": "吴恩达",
    "headImg": "/img/expert_logo/2019-04/2019-04-15-17-28-55__9d6d2945-7972-4f01-b750-bfc645023e36.jpg",
    "institution": "Stanford University",
    "subjectArea": "计算机科学",
    "country": "美国",
    "totalIssues": 176,
    "totalCitations": 47465,
    "top1Citations": 0.413793,
    "number1": 50,
    "top10Citations": 0.706897,
    "number10": 103,
    "hIndex": 79,
    "journalSend": null,
    "subjectMatch": null,
    "citedSituation": null,
    "fwciinedx": 13.93
  },
  "mapVO": {
    "nodes": [
      {
        "code": "0",
        "name": "吴恩达",
        "type": "expert",
        "level": "1",
        "keyword": "Andrew Y Ng",
        "layout": null
      },
      {
        "code": "1",
        "name": "荣誉",
        "type": "honor",
        "level": "2",
        "keyword": "Andrew Y Ng",
        "layout": null
      },
      {
        "code": "2",
        "name": "组织",
        "type": "org",
        "level": "2",
        "keyword": "Andrew Y Ng",
        "layout": null
      },
      {
        "code": "3",
        "name": "三维重建",
        "type": "keyword",
        "level": "2",
        "keyword": "Andrew Y Ng",
        "layout": null
      },
      {
        "code": "20",
        "name": "深度学习",
        "type": "keyword",
        "level": "2",
        "keyword": "Andrew Y Ng",
        "layout": null
      },
      {
        "code": "37",
        "name": "强化学习",
        "type": "keyword",
        "level": "2",
        "keyword": "Andrew Y Ng",
        "layout": null
      },
      {
        "code": "54",
        "name": "语义识别",
        "type": "keyword",
        "level": "2",
        "keyword": "Andrew Y Ng",
        "layout": null
      }
    ],
    "relations": [
      {
        "id": 1,
        "source": "0",
        "target": "1",
        "value": 1.0,
        "type": "expert"
      },
      {
        "id": 2,
        "source": "0",
        "target": "2",
        "value": 1.0,
        "type": "expert"
      },
      {
        "id": 3,
        "source": "0",
        "target": "3",
        "value": 1.0,
        "type": "expert"
      },
      {
        "id": 20,
        "source": "0",
        "target": "20",
        "value": 1.0,
        "type": "expert"
      },
      {
        "id": 37,
        "source": "0",
        "target": "37",
        "value": 1.0,
        "type": "expert"
      },
      {
        "id": 54,
        "source": "0",
        "target": "54",
        "value": 1.0,
        "type": "expert"
      }
    ],
    "expertReco": [
      {
        "id": 487592,
        "name": "Ashutosh Saxena",
        "headImg": "/img/expert_logo/2018-09/2018-09-14-15-59-23__11848202-9754-4fb8-8b95-6c3d6ebc8349.jpg",
        "institution": "Cornell University",
        "subjectArea": null,
        "country": null,
        "totalIssues": null,
        "totalCitations": null,
        "top1Citations": null,
        "number1": null,
        "top10Citations": null,
        "number10": null,
        "hIndex": null,
        "journalSend": null,
        "subjectMatch": null,
        "citedSituation": null,
        "fwciinedx": null
      }
    ],
    "subjectReco": null,
    "journalsReco": null,
    "institutionsReco": [
      "Baidu Silicon Valley AI Lab"
    ]
  },
  "mapInfo": {
    "nodes": [
      {
        "id": 1,
        "code": "0",
        "name": "吴恩达",
        "type": "expert",
        "level": "1",
        "colorIdx": "0",
        "keyword": "Andrew Y Ng",
        "layout": null
      },
      {
        "id": 2,
        "code": "1",
        "name": "荣誉",
        "type": "honor",
        "level": "2",
        "colorIdx": "5",
        "keyword": "Andrew Y Ng",
        "layout": null
      },
      {
        "id": 3,
        "code": "2",
        "name": "组织",
        "type": "org",
        "level": "2",
        "colorIdx": "6",
        "keyword": "Andrew Y Ng",
        "layout": null
      },
      {
        "id": 4,
        "code": "3",
        "name": "三维重建",
        "type": "keyword",
        "level": "2",
        "colorIdx": "1",
        "keyword": "Andrew Y Ng",
        "layout": null
      },
      {
        "id": 5,
        "code": "4",
        "name": "论文",
        "type": "paper",
        "level": "3",
        "colorIdx": "1",
        "keyword": "Andrew Y Ng",
        "layout": null
      },
      {
        "id": 6,
        "code": "5",
        "name": "专利",
        "type": "paper",
        "level": "3",
        "colorIdx": "1",
        "keyword": "Andrew Y Ng",
        "layout": null
      },
      {
        "id": 7,
        "code": "6",
        "name": "Min Sun",
        "type": "expert",
        "level": "3",
        "colorIdx": "1",
        "keyword": "Andrew Y Ng",
        "layout": null
      },
      {
        "id": 8,
        "code": "7",
        "name": "Ashutosh Saxena",
        "type": "expert",
        "level": "3",
        "colorIdx": "1",
        "keyword": "Andrew Y Ng",
        "layout": null
      },
      {
        "id": 9,
        "code": "8",
        "name": "物体检测",
        "type": "keyword",
        "level": "4",
        "colorIdx": "1",
        "keyword": "Andrew Y Ng",
        "layout": null
      },
      {
        "id": 10,
        "code": "9",
        "name": "视频分析",
        "type": "keyword",
        "level": "4",
        "colorIdx": "1",
        "keyword": "Andrew Y Ng",
        "layout": null
      },
      {
        "id": 11,
        "code": "10",
        "name": "无人驾驶",
        "type": "keyword",
        "level": "4",
        "colorIdx": "1",
        "keyword": "Andrew Y Ng",
        "layout": null
      },
      {
        "id": 12,
        "code": "11",
        "name": "随机过程",
        "type": "keyword",
        "level": "4",
        "colorIdx": "1",
        "keyword": "Andrew Y Ng",
        "layout": null
      },
      {
        "id": 13,
        "code": "12",
        "name": "Silvio Savarese",
        "type": "expert",
        "level": "5",
        "colorIdx": "1",
        "keyword": "Andrew Y Ng",
        "layout": null
      },
      {
        "id": 14,
        "code": "13",
        "name": "Gary R. Bradski",
        "type": "expert",
        "level": "5",
        "colorIdx": "1",
        "keyword": "Andrew Y Ng",
        "layout": null
      },
      {
        "id": 15,
        "code": "14",
        "name": "Juan Carlos Niebles",
        "type": "expert",
        "level": "5",
        "colorIdx": "1",
        "keyword": "Andrew Y Ng",
        "layout": null
      },
      {
        "id": 16,
        "code": "15",
        "name": "Kuo-Hao Zeng",
        "type": "expert",
        "level": "5",
        "colorIdx": "1",
        "keyword": "Andrew Y Ng",
        "layout": null
      },
      {
        "id": 17,
        "code": "16",
        "name": "Hema Swetha Koppula",
        "type": "expert",
        "level": "5",
        "colorIdx": "1",
        "keyword": "Andrew Y Ng",
        "layout": null
      },
      {
        "id": 18,
        "code": "17",
        "name": "Ashesh Jain",
        "type": "expert",
        "level": "5",
        "colorIdx": "1",
        "keyword": "Andrew Y Ng",
        "layout": null
      },
      {
        "id": 19,
        "code": "18",
        "name": "Yun Jiang",
        "type": "expert",
        "level": "5",
        "colorIdx": "1",
        "keyword": "Andrew Y Ng",
        "layout": null
      },
      {
        "id": 20,
        "code": "19",
        "name": "Marcus Lim",
        "type": "expert",
        "level": "5",
        "colorIdx": "1",
        "keyword": "Andrew Y Ng",
        "layout": null
      },
      {
        "id": 21,
        "code": "20",
        "name": "深度学习",
        "type": "keyword",
        "level": "2",
        "colorIdx": "2",
        "keyword": "Andrew Y Ng",
        "layout": null
      },
      {
        "id": 22,
        "code": "21",
        "name": "论文",
        "type": "paper",
        "level": "3",
        "colorIdx": "2",
        "keyword": "Andrew Y Ng",
        "layout": null
      },
      {
        "id": 23,
        "code": "22",
        "name": "专利",
        "type": "paper",
        "level": "3",
        "colorIdx": "2",
        "keyword": "Andrew Y Ng",
        "layout": null
      },
      {
        "id": 24,
        "code": "23",
        "name": "Adam Coates",
        "type": "expert",
        "level": "3",
        "colorIdx": "2",
        "keyword": "Andrew Y Ng",
        "layout": null
      },
      {
        "id": 25,
        "code": "24",
        "name": "Sebastian Thrun",
        "type": "expert",
        "level": "3",
        "colorIdx": "2",
        "keyword": "Andrew Y Ng",
        "layout": null
      },
      {
        "id": 26,
        "code": "25",
        "name": "机器翻译",
        "type": "keyword",
        "level": "4",
        "colorIdx": "2",
        "keyword": "Andrew Y Ng",
        "layout": null
      },
      {
        "id": 27,
        "code": "26",
        "name": "语音识别",
        "type": "keyword",
        "level": "4",
        "colorIdx": "2",
        "keyword": "Andrew Y Ng",
        "layout": null
      },
      {
        "id": 28,
        "code": "27",
        "name": "机器人",
        "type": "keyword",
        "level": "4",
        "colorIdx": "2",
        "keyword": "Andrew Y Ng",
        "layout": null
      },
      {
        "id": 29,
        "code": "28",
        "name": "无人驾驶",
        "type": "keyword",
        "level": "4",
        "colorIdx": "2",
        "keyword": "Andrew Y Ng",
        "layout": null
      },
      {
        "id": 30,
        "code": "29",
        "name": "Sanjeev Satheesh",
        "type": "expert",
        "level": "5",
        "colorIdx": "2",
        "keyword": "Andrew Y Ng",
        "layout": null
      },
      {
        "id": 31,
        "code": "30",
        "name": "Anuroop Sriram",
        "type": "expert",
        "level": "5",
        "colorIdx": "2",
        "keyword": "Andrew Y Ng",
        "layout": null
      },
      {
        "id": 32,
        "code": "31",
        "name": "Zhenyao Zhu",
        "type": "expert",
        "level": "5",
        "colorIdx": "2",
        "keyword": "Andrew Y Ng",
        "layout": null
      },
      {
        "id": 33,
        "code": "32",
        "name": "Eric Battenberg ",
        "type": "expert",
        "level": "5",
        "colorIdx": "2",
        "keyword": "Andrew Y Ng",
        "layout": null
      },
      {
        "id": 34,
        "code": "33",
        "name": "Wolfram Burgard",
        "type": "expert",
        "level": "5",
        "colorIdx": "2",
        "keyword": "Andrew Y Ng",
        "layout": null
      },
      {
        "id": 35,
        "code": "34",
        "name": "Dieter Fox",
        "type": "expert",
        "level": "5",
        "colorIdx": "2",
        "keyword": "Andrew Y Ng",
        "layout": null
      },
      {
        "id": 36,
        "code": "35",
        "name": "Michael Montemerlo",
        "type": "expert",
        "level": "5",
        "colorIdx": "2",
        "keyword": "Andrew Y Ng",
        "layout": null
      },
      {
        "id": 37,
        "code": "36",
        "name": "David Stavens",
        "type": "expert",
        "level": "5",
        "colorIdx": "2",
        "keyword": "Andrew Y Ng",
        "layout": null
      },
      {
        "id": 38,
        "code": "37",
        "name": "强化学习",
        "type": "keyword",
        "level": "2",
        "colorIdx": "3",
        "keyword": "Andrew Y Ng",
        "layout": null
      },
      {
        "id": 39,
        "code": "38",
        "name": "论文",
        "type": "paper",
        "level": "3",
        "colorIdx": "3",
        "keyword": "Andrew Y Ng",
        "layout": null
      },
      {
        "id": 40,
        "code": "39",
        "name": "专利",
        "type": "paper",
        "level": "3",
        "colorIdx": "3",
        "keyword": "Andrew Y Ng",
        "layout": null
      },
      {
        "id": 41,
        "code": "40",
        "name": "Pieter Abbeel",
        "type": "expert",
        "level": "3",
        "colorIdx": "3",
        "keyword": "Andrew Y Ng",
        "layout": null
      },
      {
        "id": 42,
        "code": "41",
        "name": "Michael I. Jordan",
        "type": "expert",
        "level": "3",
        "colorIdx": "3",
        "keyword": "Andrew Y Ng",
        "layout": null
      },
      {
        "id": 43,
        "code": "42",
        "name": "强化学习",
        "type": "keyword",
        "level": "4",
        "colorIdx": "3",
        "keyword": "Andrew Y Ng",
        "layout": null
      },
      {
        "id": 44,
        "code": "43",
        "name": "机器人",
        "type": "keyword",
        "level": "4",
        "colorIdx": "3",
        "keyword": "Andrew Y Ng",
        "layout": null
      },
      {
        "id": 45,
        "code": "44",
        "name": "最优化",
        "type": "keyword",
        "level": "4",
        "colorIdx": "3",
        "keyword": "Andrew Y Ng",
        "layout": null
      },
      {
        "id": 46,
        "code": "45",
        "name": "贝叶斯无参优化",
        "type": "keyword",
        "level": "4",
        "colorIdx": "3",
        "keyword": "Andrew Y Ng",
        "layout": null
      },
      {
        "id": 47,
        "code": "46",
        "name": "Sergey Levine",
        "type": "expert",
        "level": "5",
        "colorIdx": "3",
        "keyword": "Andrew Y Ng",
        "layout": null
      },
      {
        "id": 48,
        "code": "47",
        "name": "Chelsea Finn",
        "type": "expert",
        "level": "5",
        "colorIdx": "3",
        "keyword": "Andrew Y Ng",
        "layout": null
      },
      {
        "id": 49,
        "code": "48",
        "name": "Kenneth Y. Goldberg",
        "type": "expert",
        "level": "5",
        "colorIdx": "3",
        "keyword": "Andrew Y Ng",
        "layout": null
      },
      {
        "id": 50,
        "code": "49",
        "name": "Sachin Patil",
        "type": "expert",
        "level": "5",
        "colorIdx": "3",
        "keyword": "Andrew Y Ng",
        "layout": null
      },
      {
        "id": 51,
        "code": "50",
        "name": "Martin J. Wainwright",
        "type": "expert",
        "level": "5",
        "colorIdx": "3",
        "keyword": "Andrew Y Ng",
        "layout": null
      },
      {
        "id": 52,
        "code": "51",
        "name": "John C. Duchi",
        "type": "expert",
        "level": "5",
        "colorIdx": "3",
        "keyword": "Andrew Y Ng",
        "layout": null
      },
      {
        "id": 53,
        "code": "52",
        "name": "David M. Blei",
        "type": "expert",
        "level": "5",
        "colorIdx": "3",
        "keyword": "Andrew Y Ng",
        "layout": null
      },
      {
        "id": 54,
        "code": "53",
        "name": "John W. Paisley",
        "type": "expert",
        "level": "5",
        "colorIdx": "3",
        "keyword": "Andrew Y Ng",
        "layout": null
      },
      {
        "id": 55,
        "code": "54",
        "name": "语义识别",
        "type": "keyword",
        "level": "2",
        "colorIdx": "4",
        "keyword": "Andrew Y Ng",
        "layout": null
      },
      {
        "id": 56,
        "code": "55",
        "name": "论文",
        "type": "paper",
        "level": "3",
        "colorIdx": "4",
        "keyword": "Andrew Y Ng",
        "layout": null
      },
      {
        "id": 57,
        "code": "56",
        "name": "专利",
        "type": "paper",
        "level": "3",
        "colorIdx": "4",
        "keyword": "Andrew Y Ng",
        "layout": null
      },
      {
        "id": 58,
        "code": "57",
        "name": "Christopher D. Manning",
        "type": "expert",
        "level": "3",
        "colorIdx": "4",
        "keyword": "Andrew Y Ng",
        "layout": null
      },
      {
        "id": 59,
        "code": "58",
        "name": "Richard Socher",
        "type": "expert",
        "level": "3",
        "colorIdx": "4",
        "keyword": "Andrew Y Ng",
        "layout": null
      },
      {
        "id": 60,
        "code": "59",
        "name": "机器翻译",
        "type": "keyword",
        "level": "4",
        "colorIdx": "4",
        "keyword": "Andrew Y Ng",
        "layout": null
      },
      {
        "id": 61,
        "code": "60",
        "name": "语义角色标注",
        "type": "keyword",
        "level": "4",
        "colorIdx": "4",
        "keyword": "Andrew Y Ng",
        "layout": null
      },
      {
        "id": 62,
        "code": "61",
        "name": "问答系统",
        "type": "keyword",
        "level": "4",
        "colorIdx": "4",
        "keyword": "Andrew Y Ng",
        "layout": null
      },
      {
        "id": 63,
        "code": "62",
        "name": "机器翻译",
        "type": "keyword",
        "level": "4",
        "colorIdx": "4",
        "keyword": "Andrew Y Ng",
        "layout": null
      },
      {
        "id": 64,
        "code": "63",
        "name": "Daniel Jurafsky",
        "type": "expert",
        "level": "5",
        "colorIdx": "4",
        "keyword": "Andrew Y Ng",
        "layout": null
      },
      {
        "id": 65,
        "code": "64",
        "name": "Daniel M. Cer",
        "type": "expert",
        "level": "5",
        "colorIdx": "4",
        "keyword": "Andrew Y Ng",
        "layout": null
      },
      {
        "id": 66,
        "code": "65",
        "name": "Aria Haghighi ",
        "type": "expert",
        "level": "5",
        "colorIdx": "4",
        "keyword": "Andrew Y Ng",
        "layout": null
      },
      {
        "id": 67,
        "code": "66",
        "name": "Kristina Toutanova",
        "type": "expert",
        "level": "5",
        "colorIdx": "4",
        "keyword": "Andrew Y Ng",
        "layout": null
      },
      {
        "id": 68,
        "code": "67",
        "name": "Caiming Xiong",
        "type": "expert",
        "level": "5",
        "colorIdx": "4",
        "keyword": "Andrew Y Ng",
        "layout": null
      },
      {
        "id": 69,
        "code": "68",
        "name": "Victor Zhong",
        "type": "expert",
        "level": "5",
        "colorIdx": "4",
        "keyword": "Andrew Y Ng",
        "layout": null
      },
      {
        "id": 70,
        "code": "69",
        "name": "James Bradbury",
        "type": "expert",
        "level": "5",
        "colorIdx": "4",
        "keyword": "Andrew Y Ng",
        "layout": null
      },
      {
        "id": 71,
        "code": "70",
        "name": "Victor O. K. Li",
        "type": "expert",
        "level": "5",
        "colorIdx": "4",
        "keyword": "Andrew Y Ng",
        "layout": null
      }
    ],
    "relations": [
      {
        "id": 1,
        "source": "0",
        "target": "1"
      },
      {
        "id": 2,
        "source": "0",
        "target": "2"
      },
      {
        "id": 3,
        "source": "0",
        "target": "3"
      },
      {
        "id": 20,
        "source": "0",
        "target": "20"
      },
      {
        "id": 37,
        "source": "0",
        "target": "37"
      },
      {
        "id": 54,
        "source": "0",
        "target": "54"
      },
      {
        "id": 4,
        "source": "3",
        "target": "4"
      },
      {
        "id": 5,
        "source": "3",
        "target": "5"
      },
      {
        "id": 6,
        "source": "3",
        "target": "6"
      },
      {
        "id": 7,
        "source": "3",
        "target": "7"
      },
      {
        "id": 8,
        "source": "6",
        "target": "8"
      },
      {
        "id": 9,
        "source": "6",
        "target": "9"
      },
      {
        "id": 10,
        "source": "7",
        "target": "10"
      },
      {
        "id": 11,
        "source": "7",
        "target": "11"
      },
      {
        "id": 12,
        "source": "8",
        "target": "12"
      },
      {
        "id": 13,
        "source": "8",
        "target": "13"
      },
      {
        "id": 14,
        "source": "9",
        "target": "14"
      },
      {
        "id": 15,
        "source": "9",
        "target": "15"
      },
      {
        "id": 16,
        "source": "10",
        "target": "16"
      },
      {
        "id": 17,
        "source": "10",
        "target": "17"
      },
      {
        "id": 18,
        "source": "11",
        "target": "18"
      },
      {
        "id": 19,
        "source": "11",
        "target": "19"
      },
      {
        "id": 21,
        "source": "20",
        "target": "21"
      },
      {
        "id": 22,
        "source": "20",
        "target": "22"
      },
      {
        "id": 23,
        "source": "20",
        "target": "23"
      },
      {
        "id": 24,
        "source": "20",
        "target": "24"
      },
      {
        "id": 25,
        "source": "23",
        "target": "25"
      },
      {
        "id": 26,
        "source": "23",
        "target": "26"
      },
      {
        "id": 27,
        "source": "24",
        "target": "27"
      },
      {
        "id": 28,
        "source": "24",
        "target": "28"
      },
      {
        "id": 29,
        "source": "25",
        "target": "29"
      },
      {
        "id": 30,
        "source": "25",
        "target": "30"
      },
      {
        "id": 31,
        "source": "26",
        "target": "31"
      },
      {
        "id": 32,
        "source": "26",
        "target": "32"
      },
      {
        "id": 33,
        "source": "27",
        "target": "33"
      },
      {
        "id": 34,
        "source": "27",
        "target": "34"
      },
      {
        "id": 35,
        "source": "28",
        "target": "35"
      },
      {
        "id": 36,
        "source": "28",
        "target": "36"
      },
      {
        "id": 38,
        "source": "37",
        "target": "38"
      },
      {
        "id": 39,
        "source": "37",
        "target": "39"
      },
      {
        "id": 40,
        "source": "37",
        "target": "40"
      },
      {
        "id": 41,
        "source": "37",
        "target": "41"
      },
      {
        "id": 42,
        "source": "40",
        "target": "42"
      },
      {
        "id": 43,
        "source": "40",
        "target": "43"
      },
      {
        "id": 44,
        "source": "41",
        "target": "44"
      },
      {
        "id": 45,
        "source": "41",
        "target": "45"
      },
      {
        "id": 46,
        "source": "42",
        "target": "46"
      },
      {
        "id": 47,
        "source": "42",
        "target": "47"
      },
      {
        "id": 48,
        "source": "43",
        "target": "48"
      },
      {
        "id": 49,
        "source": "43",
        "target": "49"
      },
      {
        "id": 50,
        "source": "44",
        "target": "50"
      },
      {
        "id": 51,
        "source": "44",
        "target": "51"
      },
      {
        "id": 52,
        "source": "45",
        "target": "52"
      },
      {
        "id": 53,
        "source": "45",
        "target": "53"
      },
      {
        "id": 55,
        "source": "54",
        "target": "55"
      },
      {
        "id": 56,
        "source": "54",
        "target": "56"
      },
      {
        "id": 57,
        "source": "54",
        "target": "57"
      },
      {
        "id": 58,
        "source": "54",
        "target": "58"
      },
      {
        "id": 59,
        "source": "57",
        "target": "59"
      },
      {
        "id": 60,
        "source": "57",
        "target": "60"
      },
      {
        "id": 61,
        "source": "58",
        "target": "61"
      },
      {
        "id": 62,
        "source": "58",
        "target": "62"
      },
      {
        "id": 63,
        "source": "59",
        "target": "63"
      },
      {
        "id": 64,
        "source": "59",
        "target": "64"
      },
      {
        "id": 65,
        "source": "60",
        "target": "65"
      },
      {
        "id": 66,
        "source": "60",
        "target": "66"
      },
      {
        "id": 67,
        "source": "61",
        "target": "67"
      },
      {
        "id": 68,
        "source": "61",
        "target": "68"
      },
      {
        "id": 69,
        "source": "62",
        "target": "69"
      },
      {
        "id": 70,
        "source": "62",
        "target": "70"
      }
    ],
    "expertReco": null,
    "subjectReco": null,
    "journalsReco": null,
    "institutionsReco": null
  },
  "paperVO": [],
  "patentVO": null,
  "bookVO": [],
  "standardVO": []
}