{
  "expertVO": {
    "id": 1965672,
    "name": "William T. Freeman",
    "headImg": "/img/expert_logo/2018-06/2018-06-25-17-28-22__3ef00c13-e736-473c-ad3c-a264173f420b.jpg",
    "institution": "Massachusetts Institute of Technology",
    "subjectArea": "计算机科学",
    "country": "美国",
    "totalIssues": 187,
    "totalCitations": 20533,
    "top1Citations": 0.251337,
    "number1": 47,
    "top10Citations": 0.604278,
    "number10": 113,
    "hIndex": 62,
    "journalSend": null,
    "subjectMatch": null,
    "citedSituation": null,
    "fwciinedx": 7.207
  },
  "mapVO": {
    "nodes": [
      {
        "id": "1059867_keyword",
        "name": "Standoff condition assessment",
        "type": "keyword",
        "value": 1,
        "releExpert": null,
        "releSubject": null
      },
      {
        "id": "118193_keyword",
        "name": "Gaussian conditional random field",
        "type": "keyword",
        "value": 1,
        "releExpert": null,
        "releSubject": null
      },
      {
        "id": "118196_keyword",
        "name": "Segmentation-based computer vision algorithms",
        "type": "keyword",
        "value": 1,
        "releExpert": null,
        "releSubject": null
      },
      {
        "id": "1965672_scholar",
        "name": "William T. Freeman",
        "type": "scholar",
        "value": 1,
        "releExpert": null,
        "releSubject": null
      },
      {
        "id": "665387_keyword",
        "name": "High speed video",
        "type": "keyword",
        "value": 1,
        "releExpert": null,
        "releSubject": null
      },
      {
        "id": "118195_keyword",
        "name": "Piecewise smooth image model",
        "type": "keyword",
        "value": 1,
        "releExpert": null,
        "releSubject": null
      }
    ],
    "relations": [
      {
        "source": "1965672_scholar",
        "target": "118195_keyword",
        "value": 1,
        "type": "keyword"
      },
      {
        "source": "1965672_scholar",
        "target": "118196_keyword",
        "value": 1,
        "type": "keyword"
      },
      {
        "source": "1965672_scholar",
        "target": "1059867_keyword",
        "value": 1,
        "type": "keyword"
      },
      {
        "source": "1965672_scholar",
        "target": "118193_keyword",
        "value": 1,
        "type": "keyword"
      },
      {
        "source": "1965672_scholar",
        "target": "665387_keyword",
        "value": 1,
        "type": "keyword"
      }
    ],
    "expertReco": null,
    "subjectReco": null,
    "journalsReco": null,
    "institutionsReco": null
  },
  "mapInfo": {
    "nodes": [
      {
        "id": "1059867_keyword",
        "name": "Standoff condition assessment",
        "type": "keyword",
        "value": 1,
        "releExpert": null,
        "releSubject": null
      },
      {
        "id": "1659209_scholar",
        "name": "Charles lawrence Zitnick",
        "type": "scholar",
        "value": 1,
        "releExpert": null,
        "releSubject": null
      },
      {
        "id": "665387_keyword",
        "name": "High speed video",
        "type": "keyword",
        "value": 1,
        "releExpert": null,
        "releSubject": null
      },
      {
        "id": "118195_keyword",
        "name": "Piecewise smooth image model",
        "type": "keyword",
        "value": 1,
        "releExpert": null,
        "releSubject": null
      },
      {
        "id": "436447_scholar",
        "name": "Youngjin Cha",
        "type": "scholar",
        "value": 1,
        "releExpert": null,
        "releSubject": null
      },
      {
        "id": "2037626_scholar",
        "name": "Singbing Kang",
        "type": "scholar",
        "value": 1,
        "releExpert": null,
        "releSubject": null
      },
      {
        "id": "912174_scholar",
        "name": "Neal Wadhwa",
        "type": "scholar",
        "value": 1,
        "releExpert": null,
        "releSubject": null
      },
      {
        "id": "422515_scholar",
        "name": "刘策",
        "type": "scholar",
        "value": 1,
        "releExpert": null,
        "releSubject": null
      },
      {
        "id": "861790_scholar",
        "name": "Frédo Durand",
        "type": "scholar",
        "value": 1,
        "releExpert": null,
        "releSubject": null
      },
      {
        "id": "118193_keyword",
        "name": "Gaussian conditional random field",
        "type": "keyword",
        "value": 1,
        "releExpert": null,
        "releSubject": null
      },
      {
        "id": "118196_keyword",
        "name": "Segmentation-based computer vision algorithms",
        "type": "keyword",
        "value": 1,
        "releExpert": null,
        "releSubject": null
      },
      {
        "id": "1837414_scholar",
        "name": "Richard Szeliski",
        "type": "scholar",
        "value": 1,
        "releExpert": null,
        "releSubject": null
      },
      {
        "id": "1965672_scholar",
        "name": "William T. Freeman",
        "type": "scholar",
        "value": 1,
        "releExpert": null,
        "releSubject": null
      },
      {
        "id": "1909006_scholar",
        "name": "Oral Büyüköztürk",
        "type": "scholar",
        "value": 1,
        "releExpert": null,
        "releSubject": null
      }
    ],
    "relations": [
      {
        "source": "665387_keyword",
        "target": "861790_scholar",
        "value": 1,
        "type": "scholar"
      },
      {
        "source": "665387_keyword",
        "target": "1909006_scholar",
        "value": 1,
        "type": "scholar"
      },
      {
        "source": "1059867_keyword",
        "target": "436447_scholar",
        "value": 1,
        "type": "scholar"
      },
      {
        "source": "1965672_scholar",
        "target": "118195_keyword",
        "value": 1,
        "type": "keyword"
      },
      {
        "source": "1965672_scholar",
        "target": "118196_keyword",
        "value": 1,
        "type": "keyword"
      },
      {
        "source": "118195_keyword",
        "target": "1965672_scholar",
        "value": 1,
        "type": "scholar"
      },
      {
        "source": "118196_keyword",
        "target": "2037626_scholar",
        "value": 1,
        "type": "scholar"
      },
      {
        "source": "118195_keyword",
        "target": "1659209_scholar",
        "value": 1,
        "type": "scholar"
      },
      {
        "source": "1965672_scholar",
        "target": "118193_keyword",
        "value": 1,
        "type": "keyword"
      },
      {
        "source": "118195_keyword",
        "target": "422515_scholar",
        "value": 1,
        "type": "scholar"
      },
      {
        "source": "118195_keyword",
        "target": "1837414_scholar",
        "value": 1,
        "type": "scholar"
      },
      {
        "source": "1965672_scholar",
        "target": "1059867_keyword",
        "value": 1,
        "type": "keyword"
      },
      {
        "source": "665387_keyword",
        "target": "912174_scholar",
        "value": 1,
        "type": "scholar"
      },
      {
        "source": "1965672_scholar",
        "target": "665387_keyword",
        "value": 1,
        "type": "keyword"
      }
    ],
    "expertReco": null,
    "subjectReco": null,
    "journalsReco": null,
    "institutionsReco": null
  },
  "paperVO": [],
  "patentVO": null,
  "bookVO": [],
  "standardVO": []
}