{
  "subjectVO": {
    "id": "C018884576",
    "subjectWord": "循环神经网络",
    "subjectWordEn": null,
    "wiki": "循环神经网络（Recurrent Neural Network, RNN）是一类以序列（sequence）数据为输入，在序列的演进方向进行递归（recursion）且所有节点（循环单元）按链式连接的递归神经网络（recursive neural network）。"
  },
  "mapVO": {
    "nodes": [
      {
        "id": "C020042120_keyword",
        "name": "Machine Learning",
        "type": "keyword",
        "value": 0.796,
        "releExpert": null,
        "releSubject": null
      },
      {
        "id": "1838213_scholar",
        "name": "Mark john francis Gales",
        "type": "scholar",
        "value": 0.57143,
        "releExpert": null,
        "releSubject": null
      },
      {
        "id": "407323_keyword",
        "name": "Deep learning",
        "type": "keyword",
        "value": 1,
        "releExpert": null,
        "releSubject": null
      },
      {
        "id": "31119_scholar",
        "name": "Xunying Liu",
        "type": "scholar",
        "value": 0.57143,
        "releExpert": null,
        "releSubject": null
      },
      {
        "id": "C018884576_keyword",
        "name": "recurrent neural nets",
        "type": "keyword",
        "value": 1,
        "releExpert": null,
        "releSubject": null
      },
      {
        "id": "1206955_scholar",
        "name": "王钧",
        "type": "scholar",
        "value": 1,
        "releExpert": null,
        "releSubject": null
      },
      {
        "id": "355143_scholar",
        "name": "曾志刚",
        "type": "scholar",
        "value": 0.53571,
        "releExpert": null,
        "releSubject": null
      },
      {
        "id": "C020039005_keyword",
        "name": "Neural network",
        "type": "keyword",
        "value": 0.7788,
        "releExpert": null,
        "releSubject": null
      },
      {
        "id": "305302_keyword",
        "name": "Convolutional neural network",
        "type": "keyword",
        "value": 0.8147,
        "releExpert": null,
        "releSubject": null
      },
      {
        "id": "C018787109_keyword",
        "name": "Speech recognition",
        "type": "keyword",
        "value": 0.8549,
        "releExpert": null,
        "releSubject": null
      },
      {
        "id": "1122482_scholar",
        "name": "Xie Chen",
        "type": "scholar",
        "value": 0.53571,
        "releExpert": null,
        "releSubject": null
      }
    ],
    "relations": [
      {
        "source": "C018884576_keyword",
        "target": "1838213_scholar",
        "value": 0.57143,
        "type": "scholar"
      },
      {
        "source": "C018884576_keyword",
        "target": "1206955_scholar",
        "value": 1,
        "type": "scholar"
      },
      {
        "source": "C018884576_keyword",
        "target": "305302_keyword",
        "value": 0.8147,
        "type": "keyword"
      },
      {
        "source": "C018884576_keyword",
        "target": "407323_keyword",
        "value": 1,
        "type": "keyword"
      },
      {
        "source": "C018884576_keyword",
        "target": "355143_scholar",
        "value": 0.53571,
        "type": "scholar"
      },
      {
        "source": "C018884576_keyword",
        "target": "C020042120_keyword",
        "value": 0.796,
        "type": "keyword"
      },
      {
        "source": "C018884576_keyword",
        "target": "C018787109_keyword",
        "value": 0.8549,
        "type": "keyword"
      },
      {
        "source": "C018884576_keyword",
        "target": "31119_scholar",
        "value": 0.57143,
        "type": "scholar"
      },
      {
        "source": "C018884576_keyword",
        "target": "C020039005_keyword",
        "value": 0.7788,
        "type": "keyword"
      },
      {
        "source": "C018884576_keyword",
        "target": "1122482_scholar",
        "value": 0.53571,
        "type": "scholar"
      }
    ],
    "expertReco": [
      {
        "id": 2017250,
        "name": "曹进德",
        "headImg": "/img/domain_logo/2017250.jpg",
        "institution": "Southeast University",
        "subjectArea": null,
        "country": null,
        "totalIssues": null,
        "totalCitations": null,
        "top1Citations": null,
        "number1": null,
        "top10Citations": null,
        "number10": null,
        "hIndex": null,
        "journalSend": null,
        "subjectMatch": null,
        "citedSituation": null,
        "fwciinedx": null
      },
      {
        "id": 1976111,
        "name": "韩清龙",
        "headImg": "/img/expert_logo/2019-02/2019-02-22-10-21-35__e73b09f4-1397-40f9-8a94-b1d3f352a7dc.jpg",
        "institution": "Griffith University, Gold Coast",
        "subjectArea": null,
        "country": null,
        "totalIssues": null,
        "totalCitations": null,
        "top1Citations": null,
        "number1": null,
        "top10Citations": null,
        "number10": null,
        "hIndex": null,
        "journalSend": null,
        "subjectMatch": null,
        "citedSituation": null,
        "fwciinedx": null
      }
    ],
    "subjectReco": null,
    "journalsReco": null,
    "institutionsReco": null
  },
  "mapInfo": {
    "nodes": [
      {
        "id": "1838213_scholar",
        "name": "Mark john francis Gales",
        "type": "scholar",
        "value": 0.57143,
        "releExpert": null,
        "releSubject": null
      },
      {
        "id": "C018784191_keyword",
        "name": "Artificial neural networks",
        "type": "keyword",
        "value": 0.53333,
        "releExpert": null,
        "releSubject": null
      },
      {
        "id": "1206955_scholar",
        "name": "王钧",
        "type": "scholar",
        "value": 1,
        "releExpert": null,
        "releSubject": null
      },
      {
        "id": "157617_scholar",
        "name": "Qinglai Wei",
        "type": "scholar",
        "value": 0.57471,
        "releExpert": null,
        "releSubject": null
      },
      {
        "id": "C018892767_keyword",
        "name": "Speech enhancement",
        "type": "keyword",
        "value": 0.9553,
        "releExpert": null,
        "releSubject": null
      },
      {
        "id": "1122482_scholar",
        "name": "Xie Chen",
        "type": "scholar",
        "value": 0.53571,
        "releExpert": null,
        "releSubject": null
      },
      {
        "id": "2072807_scholar",
        "name": "虞文武",
        "type": "scholar",
        "value": 1,
        "releExpert": null,
        "releSubject": null
      },
      {
        "id": "1080538_scholar",
        "name": "wei Wu",
        "type": "scholar",
        "value": 1,
        "releExpert": null,
        "releSubject": null
      },
      {
        "id": "224496_scholar",
        "name": "Frank Lewis",
        "type": "scholar",
        "value": 0.66667,
        "releExpert": null,
        "releSubject": null
      },
      {
        "id": "C018811890_keyword",
        "name": "Genetic Algorithm (GA)",
        "type": "keyword",
        "value": 1,
        "releExpert": null,
        "releSubject": null
      },
      {
        "id": "407323_keyword",
        "name": "Deep learning",
        "type": "keyword",
        "value": 1,
        "releExpert": null,
        "releSubject": null
      },
      {
        "id": "1843480_scholar",
        "name": "Brian Kingsbury",
        "type": "scholar",
        "value": 0.58333,
        "releExpert": null,
        "releSubject": null
      },
      {
        "id": "C018879989_keyword",
        "name": "GRAPPER PICK UP",
        "type": "keyword",
        "value": 0.64706,
        "releExpert": null,
        "releSubject": null
      },
      {
        "id": "1977065_scholar",
        "name": "Qinggang Meng ",
        "type": "scholar",
        "value": 1,
        "releExpert": null,
        "releSubject": null
      },
      {
        "id": "1893211_scholar",
        "name": "Hermann Ney",
        "type": "scholar",
        "value": 0.83333,
        "releExpert": null,
        "releSubject": null
      },
      {
        "id": "305302_keyword",
        "name": "Convolutional neural network",
        "type": "keyword",
        "value": 0.8147,
        "releExpert": null,
        "releSubject": null
      },
      {
        "id": "C018787109_keyword",
        "name": "Speech recognition",
        "type": "keyword",
        "value": 0.8549,
        "releExpert": null,
        "releSubject": null
      },
      {
        "id": "2114992_scholar",
        "name": "金耀初",
        "type": "scholar",
        "value": 1,
        "releExpert": null,
        "releSubject": null
      },
      {
        "id": "1976731_scholar",
        "name": "Mingqing Xiao ",
        "type": "scholar",
        "value": 1,
        "releExpert": null,
        "releSubject": null
      },
      {
        "id": "2117202_scholar",
        "name": "Paolo Rosso",
        "type": "scholar",
        "value": 1,
        "releExpert": null,
        "releSubject": null
      },
      {
        "id": "339293_scholar",
        "name": "Ziyuan Tong",
        "type": "scholar",
        "value": 1,
        "releExpert": null,
        "releSubject": null
      },
      {
        "id": "2010020_scholar",
        "name": "Jinghe Lang ",
        "type": "scholar",
        "value": 0.75,
        "releExpert": null,
        "releSubject": null
      },
      {
        "id": "31119_scholar",
        "name": "Xunying Liu",
        "type": "scholar",
        "value": 0.57143,
        "releExpert": null,
        "releSubject": null
      },
      {
        "id": "6256132_scholar",
        "name": "Antonio Cianci ",
        "type": "scholar",
        "value": 1,
        "releExpert": null,
        "releSubject": null
      },
      {
        "id": "C018819637_keyword",
        "name": "Support Vector Machines",
        "type": "keyword",
        "value": 0.6371,
        "releExpert": null,
        "releSubject": null
      },
      {
        "id": "2118276_scholar",
        "name": "Tomohiro Nakatani",
        "type": "scholar",
        "value": 0.75,
        "releExpert": null,
        "releSubject": null
      },
      {
        "id": "C020039005_keyword",
        "name": "Neural network",
        "type": "keyword",
        "value": 0.7788,
        "releExpert": null,
        "releSubject": null
      },
      {
        "id": "867168_scholar",
        "name": "王鼎",
        "type": "scholar",
        "value": 0.64943,
        "releExpert": null,
        "releSubject": null
      },
      {
        "id": "2010526_scholar",
        "name": "Keisuke Kinoshita",
        "type": "scholar",
        "value": 0.75,
        "releExpert": null,
        "releSubject": null
      },
      {
        "id": "4768049_scholar",
        "name": "Salvatore giovanni Vitale ",
        "type": "scholar",
        "value": 0.75,
        "releExpert": null,
        "releSubject": null
      },
      {
        "id": "715311_scholar",
        "name": "周志华",
        "type": "scholar",
        "value": 1,
        "releExpert": null,
        "releSubject": null
      },
      {
        "id": "23592_scholar",
        "name": "Diane Cook",
        "type": "scholar",
        "value": 0.55833,
        "releExpert": null,
        "releSubject": null
      },
      {
        "id": "1937237_scholar",
        "name": "Bhiksha Raj ",
        "type": "scholar",
        "value": 0.66667,
        "releExpert": null,
        "releSubject": null
      },
      {
        "id": "C020043284_keyword",
        "name": "adaptive control",
        "type": "keyword",
        "value": 0.8656,
        "releExpert": null,
        "releSubject": null
      },
      {
        "id": "C018884576_keyword",
        "name": "recurrent neural nets",
        "type": "keyword",
        "value": 0.5942,
        "releExpert": null,
        "releSubject": null
      },
      {
        "id": "417590_scholar",
        "name": "邓力",
        "type": "scholar",
        "value": 0.51852,
        "releExpert": null,
        "releSubject": null
      },
      {
        "id": "2376278_scholar",
        "name": "Xiaoping Xue ",
        "type": "scholar",
        "value": 1,
        "releExpert": null,
        "releSubject": null
      },
      {
        "id": "2467379_scholar",
        "name": "Run Wang ",
        "type": "scholar",
        "value": 0.75,
        "releExpert": null,
        "releSubject": null
      },
      {
        "id": "2027991_scholar",
        "name": "余昭旭",
        "type": "scholar",
        "value": 1,
        "releExpert": null,
        "releSubject": null
      },
      {
        "id": "1914599_scholar",
        "name": "Junichi Imura ",
        "type": "scholar",
        "value": 1,
        "releExpert": null,
        "releSubject": null
      },
      {
        "id": "1897078_scholar",
        "name": "Patricia Melin",
        "type": "scholar",
        "value": 0.50575,
        "releExpert": null,
        "releSubject": null
      },
      {
        "id": "60002798_affiliation",
        "name": "Chinese University of Hong Kong",
        "type": "affiliation",
        "value": 0.5,
        "releExpert": null,
        "releSubject": null
      },
      {
        "id": "3209441_scholar",
        "name": "Birger Kollmeier ",
        "type": "scholar",
        "value": 1,
        "releExpert": null,
        "releSubject": null
      },
      {
        "id": "C020037235_keyword",
        "name": "data mining",
        "type": "keyword",
        "value": 0.9552,
        "releExpert": null,
        "releSubject": null
      },
      {
        "id": "C020051657_keyword",
        "name": "Landslips",
        "type": "keyword",
        "value": 0.53333,
        "releExpert": null,
        "releSubject": null
      },
      {
        "id": "2046901_scholar",
        "name": "Zhiming Wang",
        "type": "scholar",
        "value": 0.66667,
        "releExpert": null,
        "releSubject": null
      },
      {
        "id": "4478128_scholar",
        "name": "Lawrence Deng",
        "type": "scholar",
        "value": 1,
        "releExpert": null,
        "releSubject": null
      },
      {
        "id": "4121547_scholar",
        "name": "Ying hsien Huang ",
        "type": "scholar",
        "value": 0.75,
        "releExpert": null,
        "releSubject": null
      },
      {
        "id": "2111523_scholar",
        "name": "廖晓峰",
        "type": "scholar",
        "value": 1,
        "releExpert": null,
        "releSubject": null
      },
      {
        "id": "10311_scholar",
        "name": "Ralf Schlüter",
        "type": "scholar",
        "value": 0.59259,
        "releExpert": null,
        "releSubject": null
      },
      {
        "id": "40940_scholar",
        "name": "Ilsun You ",
        "type": "scholar",
        "value": 1,
        "releExpert": null,
        "releSubject": null
      },
      {
        "id": "C020043191_keyword",
        "name": "computer vision",
        "type": "keyword",
        "value": 0.7635,
        "releExpert": null,
        "releSubject": null
      },
      {
        "id": "27629_scholar",
        "name": "黄德双",
        "type": "scholar",
        "value": 1,
        "releExpert": null,
        "releSubject": null
      },
      {
        "id": "4250085_scholar",
        "name": "Hongqing Liu ",
        "type": "scholar",
        "value": 1,
        "releExpert": null,
        "releSubject": null
      },
      {
        "id": "C018918649_keyword",
        "name": "Feature extraction",
        "type": "keyword",
        "value": 0.873,
        "releExpert": null,
        "releSubject": null
      },
      {
        "id": "2091182_scholar",
        "name": "Chee khiang Pang ",
        "type": "scholar",
        "value": 0.66667,
        "releExpert": null,
        "releSubject": null
      },
      {
        "id": "773833_scholar",
        "name": "Lan Zhu ",
        "type": "scholar",
        "value": 0.75,
        "releExpert": null,
        "releSubject": null
      },
      {
        "id": "1673137_scholar",
        "name": "Ozgur Kisi",
        "type": "scholar",
        "value": 0.52874,
        "releExpert": null,
        "releSubject": null
      },
      {
        "id": "123947_scholar",
        "name": "肖明军",
        "type": "scholar",
        "value": 1,
        "releExpert": null,
        "releSubject": null
      },
      {
        "id": "932921_scholar",
        "name": "刘德荣",
        "type": "scholar",
        "value": 1,
        "releExpert": null,
        "releSubject": null
      },
      {
        "id": "C018811202_keyword",
        "name": "Hidden Markov models",
        "type": "keyword",
        "value": 0.9679,
        "releExpert": null,
        "releSubject": null
      },
      {
        "id": "1278002_scholar",
        "name": "yì Wáng",
        "type": "scholar",
        "value": 1,
        "releExpert": null,
        "releSubject": null
      },
      {
        "id": "355143_scholar",
        "name": "曾志刚",
        "type": "scholar",
        "value": 0.53571,
        "releExpert": null,
        "releSubject": null
      },
      {
        "id": "60025761_affiliation",
        "name": "Huazhong University of Science and Technology",
        "type": "affiliation",
        "value": 0.5,
        "releExpert": null,
        "releSubject": null
      },
      {
        "id": "3143505_scholar",
        "name": "Kazuhiro Nakadai",
        "type": "scholar",
        "value": 0.75,
        "releExpert": null,
        "releSubject": null
      },
      {
        "id": "410277_scholar",
        "name": "Min Liu",
        "type": "scholar",
        "value": 1,
        "releExpert": null,
        "releSubject": null
      },
      {
        "id": "C018945072_keyword",
        "name": "Memristors",
        "type": "keyword",
        "value": 0.76667,
        "releExpert": null,
        "releSubject": null
      },
      {
        "id": "433065_scholar",
        "name": "吴翠红",
        "type": "scholar",
        "value": 1,
        "releExpert": null,
        "releSubject": null
      },
      {
        "id": "1787042_scholar",
        "name": "Daniel Povey",
        "type": "scholar",
        "value": 0.62963,
        "releExpert": null,
        "releSubject": null
      },
      {
        "id": "1698932_scholar",
        "name": "Faïez Gargouri ",
        "type": "scholar",
        "value": 0.58333,
        "releExpert": null,
        "releSubject": null
      },
      {
        "id": "C020042120_keyword",
        "name": "Machine Learning",
        "type": "keyword",
        "value": 0.796,
        "releExpert": null,
        "releSubject": null
      },
      {
        "id": "366996_scholar",
        "name": "Michal Wozniak",
        "type": "scholar",
        "value": 0.90833,
        "releExpert": null,
        "releSubject": null
      },
      {
        "id": "381285_scholar",
        "name": "André de",
        "type": "scholar",
        "value": 0.50833,
        "releExpert": null,
        "releSubject": null
      },
      {
        "id": "2049173_scholar",
        "name": "Liyuan Li",
        "type": "scholar",
        "value": 0.66667,
        "releExpert": null,
        "releSubject": null
      },
      {
        "id": "87177_scholar",
        "name": "Wenling Jiao ",
        "type": "scholar",
        "value": 1,
        "releExpert": null,
        "releSubject": null
      },
      {
        "id": "1888596_scholar",
        "name": "Taghi Khoshgoftaar",
        "type": "scholar",
        "value": 0.575,
        "releExpert": null,
        "releSubject": null
      },
      {
        "id": "1463432_scholar",
        "name": "Jungwon Lee ",
        "type": "scholar",
        "value": 0.75,
        "releExpert": null,
        "releSubject": null
      },
      {
        "id": "432115_scholar",
        "name": "葛晓敏",
        "type": "scholar",
        "value": 1,
        "releExpert": null,
        "releSubject": null
      },
      {
        "id": "C020042059_keyword",
        "name": "modelling languages",
        "type": "keyword",
        "value": 0.51852,
        "releExpert": null,
        "releSubject": null
      },
      {
        "id": "2020774_scholar",
        "name": "Pei Yu",
        "type": "scholar",
        "value": 1,
        "releExpert": null,
        "releSubject": null
      }
    ],
    "relations": [
      {
        "source": "C018884576_keyword",
        "target": "1838213_scholar",
        "value": 0.57143,
        "type": "scholar"
      },
      {
        "source": "1838213_scholar",
        "target": "C018884576_keyword",
        "value": 0.5942,
        "type": "keyword"
      },
      {
        "source": "C018884576_keyword",
        "target": "1206955_scholar",
        "value": 1,
        "type": "scholar"
      },
      {
        "source": "1206955_scholar",
        "target": "60002798_affiliation",
        "value": 0.5,
        "type": "affiliation"
      },
      {
        "source": "C020042120_keyword",
        "target": "23592_scholar",
        "value": 0.55833,
        "type": "scholar"
      },
      {
        "source": "C020039005_keyword",
        "target": "2091182_scholar",
        "value": 0.66667,
        "type": "scholar"
      },
      {
        "source": "C020042120_keyword",
        "target": "715311_scholar",
        "value": 1,
        "type": "scholar"
      },
      {
        "source": "C020039005_keyword",
        "target": "432115_scholar",
        "value": 1,
        "type": "scholar"
      },
      {
        "source": "355143_scholar",
        "target": "C018945072_keyword",
        "value": 0.76667,
        "type": "keyword"
      },
      {
        "source": "C018884576_keyword",
        "target": "31119_scholar",
        "value": 0.57143,
        "type": "scholar"
      },
      {
        "source": "1206955_scholar",
        "target": "2376278_scholar",
        "value": 1,
        "type": "scholar"
      },
      {
        "source": "C020039005_keyword",
        "target": "C020043284_keyword",
        "value": 0.8656,
        "type": "keyword"
      },
      {
        "source": "C018787109_keyword",
        "target": "2467379_scholar",
        "value": 0.75,
        "type": "scholar"
      },
      {
        "source": "407323_keyword",
        "target": "C020043191_keyword",
        "value": 0.7635,
        "type": "keyword"
      },
      {
        "source": "C018787109_keyword",
        "target": "10311_scholar",
        "value": 0.59259,
        "type": "scholar"
      },
      {
        "source": "C020039005_keyword",
        "target": "2049173_scholar",
        "value": 0.66667,
        "type": "scholar"
      },
      {
        "source": "C020042120_keyword",
        "target": "1888596_scholar",
        "value": 0.575,
        "type": "scholar"
      },
      {
        "source": "C018787109_keyword",
        "target": "4121547_scholar",
        "value": 0.75,
        "type": "scholar"
      },
      {
        "source": "C018884576_keyword",
        "target": "355143_scholar",
        "value": 0.53571,
        "type": "scholar"
      },
      {
        "source": "C020039005_keyword",
        "target": "867168_scholar",
        "value": 0.64943,
        "type": "scholar"
      },
      {
        "source": "C018787109_keyword",
        "target": "1463432_scholar",
        "value": 0.75,
        "type": "scholar"
      },
      {
        "source": "355143_scholar",
        "target": "60025761_affiliation",
        "value": 0.5,
        "type": "affiliation"
      },
      {
        "source": "C018787109_keyword",
        "target": "1787042_scholar",
        "value": 0.62963,
        "type": "scholar"
      },
      {
        "source": "C020039005_keyword",
        "target": "2027991_scholar",
        "value": 1,
        "type": "scholar"
      },
      {
        "source": "C018787109_keyword",
        "target": "40940_scholar",
        "value": 1,
        "type": "scholar"
      },
      {
        "source": "C018787109_keyword",
        "target": "2010526_scholar",
        "value": 0.75,
        "type": "scholar"
      },
      {
        "source": "355143_scholar",
        "target": "1976731_scholar",
        "value": 1,
        "type": "scholar"
      },
      {
        "source": "1206955_scholar",
        "target": "2114992_scholar",
        "value": 1,
        "type": "scholar"
      },
      {
        "source": "C020039005_keyword",
        "target": "1673137_scholar",
        "value": 0.52874,
        "type": "scholar"
      },
      {
        "source": "C020039005_keyword",
        "target": "932921_scholar",
        "value": 1,
        "type": "scholar"
      },
      {
        "source": "C018884576_keyword",
        "target": "C020039005_keyword",
        "value": 0.7788,
        "type": "keyword"
      },
      {
        "source": "355143_scholar",
        "target": "C018784191_keyword",
        "value": 0.53333,
        "type": "keyword"
      },
      {
        "source": "1206955_scholar",
        "target": "2072807_scholar",
        "value": 1,
        "type": "scholar"
      },
      {
        "source": "C020042120_keyword",
        "target": "366996_scholar",
        "value": 0.90833,
        "type": "scholar"
      },
      {
        "source": "1206955_scholar",
        "target": "123947_scholar",
        "value": 1,
        "type": "scholar"
      },
      {
        "source": "C018787109_keyword",
        "target": "C018892767_keyword",
        "value": 0.9553,
        "type": "keyword"
      },
      {
        "source": "C018787109_keyword",
        "target": "2117202_scholar",
        "value": 1,
        "type": "scholar"
      },
      {
        "source": "C020039005_keyword",
        "target": "C018811890_keyword",
        "value": 1,
        "type": "keyword"
      },
      {
        "source": "C018787109_keyword",
        "target": "C018811202_keyword",
        "value": 0.9679,
        "type": "keyword"
      },
      {
        "source": "C018884576_keyword",
        "target": "407323_keyword",
        "value": 1,
        "type": "keyword"
      },
      {
        "source": "31119_scholar",
        "target": "C020042059_keyword",
        "value": 0.51852,
        "type": "keyword"
      },
      {
        "source": "C018787109_keyword",
        "target": "339293_scholar",
        "value": 1,
        "type": "scholar"
      },
      {
        "source": "C018787109_keyword",
        "target": "1937237_scholar",
        "value": 0.66667,
        "type": "scholar"
      },
      {
        "source": "C020039005_keyword",
        "target": "410277_scholar",
        "value": 1,
        "type": "scholar"
      },
      {
        "source": "C020039005_keyword",
        "target": "87177_scholar",
        "value": 1,
        "type": "scholar"
      },
      {
        "source": "355143_scholar",
        "target": "C020051657_keyword",
        "value": 0.53333,
        "type": "keyword"
      },
      {
        "source": "C020039005_keyword",
        "target": "2046901_scholar",
        "value": 0.66667,
        "type": "scholar"
      },
      {
        "source": "C018787109_keyword",
        "target": "3209441_scholar",
        "value": 1,
        "type": "scholar"
      },
      {
        "source": "C018787109_keyword",
        "target": "1698932_scholar",
        "value": 0.58333,
        "type": "scholar"
      },
      {
        "source": "C020039005_keyword",
        "target": "157617_scholar",
        "value": 0.57471,
        "type": "scholar"
      },
      {
        "source": "C020039005_keyword",
        "target": "433065_scholar",
        "value": 1,
        "type": "scholar"
      },
      {
        "source": "C018787109_keyword",
        "target": "1843480_scholar",
        "value": 0.58333,
        "type": "scholar"
      },
      {
        "source": "C018787109_keyword",
        "target": "4250085_scholar",
        "value": 1,
        "type": "scholar"
      },
      {
        "source": "355143_scholar",
        "target": "1977065_scholar",
        "value": 1,
        "type": "scholar"
      },
      {
        "source": "C020042120_keyword",
        "target": "381285_scholar",
        "value": 0.50833,
        "type": "scholar"
      },
      {
        "source": "355143_scholar",
        "target": "1080538_scholar",
        "value": 1,
        "type": "scholar"
      },
      {
        "source": "C018787109_keyword",
        "target": "2010020_scholar",
        "value": 0.75,
        "type": "scholar"
      },
      {
        "source": "C020039005_keyword",
        "target": "1897078_scholar",
        "value": 0.50575,
        "type": "scholar"
      },
      {
        "source": "C018787109_keyword",
        "target": "1893211_scholar",
        "value": 0.83333,
        "type": "scholar"
      },
      {
        "source": "C020039005_keyword",
        "target": "1278002_scholar",
        "value": 1,
        "type": "scholar"
      },
      {
        "source": "C018787109_keyword",
        "target": "2118276_scholar",
        "value": 0.75,
        "type": "scholar"
      },
      {
        "source": "C018787109_keyword",
        "target": "4768049_scholar",
        "value": 0.75,
        "type": "scholar"
      },
      {
        "source": "C020039005_keyword",
        "target": "224496_scholar",
        "value": 0.66667,
        "type": "scholar"
      },
      {
        "source": "305302_keyword",
        "target": "C018819637_keyword",
        "value": 0.6371,
        "type": "keyword"
      },
      {
        "source": "1122482_scholar",
        "target": "C018879989_keyword",
        "value": 0.64706,
        "type": "keyword"
      },
      {
        "source": "C018787109_keyword",
        "target": "3143505_scholar",
        "value": 0.75,
        "type": "scholar"
      },
      {
        "source": "C018884576_keyword",
        "target": "C020042120_keyword",
        "value": 0.796,
        "type": "keyword"
      },
      {
        "source": "C018787109_keyword",
        "target": "773833_scholar",
        "value": 0.75,
        "type": "scholar"
      },
      {
        "source": "C018884576_keyword",
        "target": "1122482_scholar",
        "value": 0.53571,
        "type": "scholar"
      },
      {
        "source": "C018884576_keyword",
        "target": "305302_keyword",
        "value": 0.8147,
        "type": "keyword"
      },
      {
        "source": "C018787109_keyword",
        "target": "1914599_scholar",
        "value": 1,
        "type": "scholar"
      },
      {
        "source": "355143_scholar",
        "target": "27629_scholar",
        "value": 1,
        "type": "scholar"
      },
      {
        "source": "C018787109_keyword",
        "target": "4478128_scholar",
        "value": 1,
        "type": "scholar"
      },
      {
        "source": "355143_scholar",
        "target": "2020774_scholar",
        "value": 1,
        "type": "scholar"
      },
      {
        "source": "C018884576_keyword",
        "target": "C018787109_keyword",
        "value": 0.8549,
        "type": "keyword"
      },
      {
        "source": "C020042120_keyword",
        "target": "C020037235_keyword",
        "value": 0.9552,
        "type": "keyword"
      },
      {
        "source": "C018787109_keyword",
        "target": "417590_scholar",
        "value": 0.51852,
        "type": "scholar"
      },
      {
        "source": "1206955_scholar",
        "target": "2111523_scholar",
        "value": 1,
        "type": "scholar"
      },
      {
        "source": "C020039005_keyword",
        "target": "C018918649_keyword",
        "value": 0.873,
        "type": "keyword"
      },
      {
        "source": "C018787109_keyword",
        "target": "6256132_scholar",
        "value": 1,
        "type": "scholar"
      }
    ],
    "expertReco": null,
    "subjectReco": null,
    "journalsReco": null,
    "institutionsReco": null
  },
  "paperVO": [],
  "patentVO": null,
  "bookVO": [],
  "standardVO": [
    {
      "id": "46",
      "nameCN": "logistic information service in mobile <mark class=highlight>network</mark>",
      "nameEN": "General technological framework for logistic information service in mobile network based on M2M technology",
      "standardNo": "GB/T 32404-2015",
      "categoryNoCN": "M;M21,通信、广播,通信网",
      "categoryNoIN": "33;33.030",
      "summary": "本标准规定了基于M2M技术的移动通信网物流信息服务的总体技术框架，对服务于物流行业的M",
      "summaryAll": "本标准规定了基于M2M技术的移动通信网物流信息服务的总体技术框架，对服务于物流行业的M2M系统的总体架构、各模块功能、系统工作流程、通信模块、安全体系等进行规范，为基于M2M技术的物流信息服务的工作提供标准支撑。 本标准适用于面向物流信息服务的M2M业务系统。  ",
      "draftUnit": "",
      "mandatoryStandard": "否",
      "status": "现行",
      "publishDate": "2015-12-31",
      "implementDate": "2016-03-01"
    },
    {
      "id": "47",
      "nameCN": "logistic information service in mobile <mark class=highlight>network</mark>",
      "nameEN": "M2M protocol for logistic information service in mobile network",
      "standardNo": "GB/T 32405-2015",
      "categoryNoCN": "M;M32,通信、广播,通信设备",
      "categoryNoIN": "33;33.030",
      "summary": "本标准规定了移动通信网面向物流信息服务的M2M协议，对面向物流信息服务的M2M协议的结",
      "summaryAll": "本标准规定了移动通信网面向物流信息服务的M2M协议，对面向物流信息服务的M2M协议的结构、定义、交互机制、安全机制等进行了规范。 本标准适用于提供网络信息服务的移动通信网，也可供其他物联网业务参考使用。  ",
      "draftUnit": "",
      "mandatoryStandard": "否",
      "status": "现行",
      "publishDate": "2015-12-31",
      "implementDate": "2016-03-01"
    },
    {
      "id": "48",
      "nameCN": "logistic information service in mobile <mark class=highlight>network</mark>",
      "nameEN": "Technical requirements of M2M platform for logistic information service in mobile network",
      "standardNo": "GB/T 32406-2015",
      "categoryNoCN": "M;M21,通信、广播,通信网",
      "categoryNoIN": "33;33.030",
      "summary": "本标准规定了移动通信网面向物流信息服务的M2M平台技术要求，对面向物流信息服务的M2M",
      "summaryAll": "本标准规定了移动通信网面向物流信息服务的M2M平台技术要求，对面向物流信息服务的M2M 平台架构、功能要求、性能要求、可靠性要求以及安全性要求进行了规范。 本标准适用于面向物流信息服务的M2M平台。  ",
      "draftUnit": "",
      "mandatoryStandard": "否",
      "status": "现行",
      "publishDate": "2015-12-31",
      "implementDate": "2016-03-01"
    },
    {
      "id": "49",
      "nameCN": "logistic informatization service in mobile <mark class=highlight>network</mark>",
      "nameEN": "Technical requirements of M2M communication module for logistic informatization service in mobile network",
      "standardNo": "GB/T 32407-2015",
      "categoryNoCN": "M;M32,通信、广播,通信设备",
      "categoryNoIN": "33;33.050.01",
      "summary": "本标准规定了服务于物流行业的M2M通信模块的功能要求、接口要求和性能要求。 本标准适用",
      "summaryAll": "本标准规定了服务于物流行业的M2M通信模块的功能要求、接口要求和性能要求。 本标准适用于服务于物流行业的M2M通信模块，也可供其他物联网领域参考。  ",
      "draftUnit": "",
      "mandatoryStandard": "否",
      "status": "现行",
      "publishDate": "2015-12-31",
      "implementDate": "2016-03-01"
    },
    {
      "id": "30",
      "nameCN": "Home <mark class=highlight>network</mark>—Part 5: Terminal device specification—Home",
      "nameEN": "Home network—Part 5: Terminal device specification—Home appliances and similar electrical appliances",
      "standardNo": "GB/T 30246.5-2014",
      "categoryNoCN": "L;L78,电子元器件与信息技术,信息处理技术",
      "categoryNoIN": "33;33.040.40",
      "summary": "本部分规定了家庭网络终端设备中家用和类似用途电器（以下简称网络家电）的通用要求，以及该",
      "summaryAll": "本部分规定了家庭网络终端设备中家用和类似用途电器（以下简称网络家电）的通用要求，以及该类产品的功能、性能、软硬件接口、安全性、标志、产品编号等的技术规范。 本部分适用于家庭及类似室内场所网络中使用的家用和类似用途电器。  ",
      "draftUnit": "",
      "mandatoryStandard": "否",
      "status": "现行",
      "publishDate": "2014-06-24",
      "implementDate": "2015-02-01"
    },
    {
      "id": "26",
      "nameCN": "Home <mark class=highlight>network</mark>―Part 1：System architecture",
      "nameEN": "Home network―Part 1：System architecture and reference model",
      "standardNo": "GB/T 30246.1-2013",
      "categoryNoCN": "L;L78,电子元器件与信息技术,信息处理技术",
      "categoryNoIN": "33;33.040.40",
      "summary": "本部分适用于家庭或类似的室内场所的网络构建。 ",
      "summaryAll": "本部分适用于家庭或类似的室内场所的网络构建。  ",
      "draftUnit": "",
      "mandatoryStandard": "否",
      "status": "现行",
      "publishDate": "2013-12-31",
      "implementDate": "2014-07-15"
    },
    {
      "id": "27",
      "nameCN": "Home <mark class=highlight>network</mark>—Part 2：Control terminal specification",
      "nameEN": "Home network—Part 2：Control terminal specification",
      "standardNo": "GB/T 30246.2-2013",
      "categoryNoCN": "L;L78,电子元器件与信息技术,信息处理技术",
      "categoryNoIN": "33;33.040.40",
      "summary": "本部分规定了家庭网络系统中控制终端的定义、功能、服务需求、系统模型及要求，为控制终端的",
      "summaryAll": "本部分规定了家庭网络系统中控制终端的定义、功能、服务需求、系统模型及要求，为控制终端的实现提供了技术依据及规范。 本部分适用于家庭或类似的室内场所的网络构建。",
      "draftUnit": "",
      "mandatoryStandard": "否",
      "status": "现行",
      "publishDate": "2013-12-31",
      "implementDate": "2014-07-15"
    },
    {
      "id": "28",
      "nameCN": "Home <mark class=highlight>network</mark>—Part 3：Internal gateway specification",
      "nameEN": "Home network—Part 3：Internal gateway specification",
      "standardNo": "GB/T 30246.3-2013",
      "categoryNoCN": "L;L78,电子元器件与信息技术,信息处理技术",
      "categoryNoIN": "33;33.040.40",
      "summary": "本部分提出了家庭内部网关的参考模型、设备类型和通用要求，以及家庭内部多媒体网关、家庭内",
      "summaryAll": "本部分提出了家庭内部网关的参考模型、设备类型和通用要求，以及家庭内部多媒体网关、家庭内部控制网关和家庭内部主网关的功能需求。 本部分适用于家庭内部或类似场所家庭网络中的家庭内部网关设备。",
      "draftUnit": "",
      "mandatoryStandard": "否",
      "status": "现行",
      "publishDate": "2013-12-31",
      "implementDate": "2014-07-15"
    },
    {
      "id": "29",
      "nameCN": "Home <mark class=highlight>network</mark>―Part 4: Terminal device specification―Audio",
      "nameEN": "Home network―Part 4: Terminal device specification―Audio video and multimedia devices",
      "standardNo": "GB/T 30246.4-2013",
      "categoryNoCN": "L;L78,电子元器件与信息技术,信息处理技术",
      "categoryNoIN": "33;33.040.40",
      "summary": "本部分规定了家庭网络终端音视频及多媒体设备的通用要求，包括功能、流程、安全性等的技术规",
      "summaryAll": "本部分规定了家庭网络终端音视频及多媒体设备的通用要求，包括功能、流程、安全性等的技术规范。 本部分适用于家庭网络及类似场所网络中使用的音视频及多媒体终端设备。",
      "draftUnit": "",
      "mandatoryStandard": "否",
      "status": "现行",
      "publishDate": "2013-12-31",
      "implementDate": "2014-07-15"
    },
    {
      "id": "31",
      "nameCN": "<mark class=highlight>network</mark> communication protocol",
      "nameEN": "Home network—Part 6: Multimedia and data network communication protocol",
      "standardNo": "GB/T 30246.6-2013",
      "categoryNoCN": "L;L78,电子元器件与信息技术,信息处理技术",
      "categoryNoIN": "33;33.040.40",
      "summary": "本部分规定了家庭多媒体与数据网络的通信协议，包括交互模型、设备管理、媒体管理、媒体传输",
      "summaryAll": "本部分规定了家庭多媒体与数据网络的通信协议，包括交互模型、设备管理、媒体管理、媒体传输机制以及其与控制网络的跨网应用和通信协议。  ",
      "draftUnit": "",
      "mandatoryStandard": "否",
      "status": "现行",
      "publishDate": "2013-12-31",
      "implementDate": "2014-07-15"
    },
    {
      "id": "32",
      "nameCN": "Home <mark class=highlight>network</mark>—Part 7：Control <mark class=highlight>network</mark> communication",
      "nameEN": "Home network—Part 7：Control network communication protocol\n",
      "standardNo": "GB/T 30246.7-2013",
      "categoryNoCN": "L;L78,电子元器件与信息技术,信息处理技术",
      "categoryNoIN": "33;33.040.40",
      "summary": "本部分规定了家庭控制网络通信协议的协议结构、通用要求、帧格式等内容。 本部分适用于家庭",
      "summaryAll": "本部分规定了家庭控制网络通信协议的协议结构、通用要求、帧格式等内容。 本部分适用于家庭或类似的室内场所构建的网络。  ",
      "draftUnit": "",
      "mandatoryStandard": "否",
      "status": "现行",
      "publishDate": "2013-12-31",
      "implementDate": "2014-07-15"
    },
    {
      "id": "33",
      "nameCN": "Home <mark class=highlight>network</mark>—Part 8：Device description",
      "nameEN": "Home network—Part 8：Device description file specification—XML format",
      "standardNo": "GB/T 30246.8-2013",
      "categoryNoCN": "L;L78,电子元器件与信息技术,信息处理技术",
      "categoryNoIN": "33;33.040.40",
      "summary": "本部分适用于家庭或类似的室内场所的网络构建。 ",
      "summaryAll": "本部分适用于家庭或类似的室内场所的网络构建。  ",
      "draftUnit": "",
      "mandatoryStandard": "否",
      "status": "现行",
      "publishDate": "2013-12-31",
      "implementDate": "2014-07-15"
    },
    {
      "id": "34",
      "nameCN": "Home <mark class=highlight>network</mark>―Part 9：Device description",
      "nameEN": "Home network―Part 9：Device description file specification―Binary format\n\n",
      "standardNo": "GB/T 30246.9-2013",
      "categoryNoCN": "L;L78,电子元器件与信息技术,信息处理技术",
      "categoryNoIN": "33;33.040.40",
      "summary": "本部分提出了家庭网络设备描述文件的二进制表述形式，规定了二进制形式的设备描述文件的数据",
      "summaryAll": "本部分提出了家庭网络设备描述文件的二进制表述形式，规定了二进制形式的设备描述文件的数据类型、格式和文件结构。 本部分适用于符合家庭控制网络范围内的家庭网络的构建。",
      "draftUnit": "",
      "mandatoryStandard": "否",
      "status": "现行",
      "publishDate": "2013-12-31",
      "implementDate": "2014-07-15"
    },
    {
      "id": "35",
      "nameCN": "Home <mark class=highlight>network</mark>―Part 11：Specification for",
      "nameEN": "Home network―Part 11：Specification for conformance test of interfaces in control network",
      "standardNo": "GB/T 30246.11-2013",
      "categoryNoCN": "L;L78,电子元器件与信息技术,信息处理技术",
      "categoryNoIN": "33;33.040.40",
      "summary": "本部分规定了家庭控制网络接口的测试方法和检验程序。 本部分适用于家庭网络终端设备、控制",
      "summaryAll": "本部分规定了家庭控制网络接口的测试方法和检验程序。 本部分适用于家庭网络终端设备、控制终端的测试。  ",
      "draftUnit": "",
      "mandatoryStandard": "否",
      "status": "现行",
      "publishDate": "2013-12-31",
      "implementDate": "2014-07-15"
    },
    {
      "id": "25",
      "nameCN": "机器人通信总线协议",
      "nameEN": "Robot General Bus communication protocol",
      "standardNo": "GB/T 29825-2013",
      "categoryNoCN": "J;J28,机械,通用零部件",
      "categoryNoIN": "25;25.040.30",
      "summary": " 本标准规定了模块化机器人系统中的一种通信总线的数据格式和程序规范，包括协议层次、格式",
      "summaryAll": " 本标准规定了模块化机器人系统中的一种通信总线的数据格式和程序规范，包括协议层次、格式定义、工作流程。 本标准主要适用于模块化机器人系统中不同功能模块构件之间的数据交互和信息共享。应用于非模块化机器人中的通信总线亦可参照使用本标准。",
      "draftUnit": "",
      "mandatoryStandard": "否",
      "status": "现行",
      "publishDate": "2013-11-12",
      "implementDate": "2014-04-01"
    },
    {
      "id": "5",
      "nameCN": "信息技术 词汇 第34部分:人工智能 <mark class=highlight>神经网络</mark>",
      "nameEN": "Information technolgy—Vocabulary—Part 34:Artificial intelligence—Neural networks",
      "standardNo": "GB/T 5271.34-2006",
      "categoryNoCN": "L;L60,电子元器件与信息技术,计算机",
      "categoryNoIN": "35;35.240.20",
      "summary": "本部分定义了有关<mark class=highlight>神经网络</mark>及其组成部分、连接机制和功能的概念。",
      "summaryAll": "GB/T 5271的本部分给出了与信息处理领域相关的概念的术语和定义，并明确了这些条目之间的关系。　　为方便将此标准翻译成其他语言，给出的定义尽可能避免语言上的特殊性。　　本部分定义了有关神经网络及其组成部分、连接机制和功能的概念。",
      "draftUnit": "",
      "mandatoryStandard": "否",
      "status": "现行",
      "publishDate": "2006-03-14",
      "implementDate": "2006-07-01"
    }
  ]
}