{
  "expertVO": {
    "id": 847512,
    "name": "Yann Lecun",
    "headImg": "/img/expert_logo/2018-09/2018-09-12-10-46-11__0bcba347-4ad9-489e-95f4-554c4efdf126.jpg",
    "institution": "New York University",
    "subjectArea": "计算机科学",
    "country": "美国",
    "totalIssues": 128,
    "totalCitations": 20134,
    "top1Citations": 0.28125,
    "number1": 36,
    "top10Citations": 0.585938,
    "number10": 75,
    "hIndex": 52,
    "journalSend": null,
    "subjectMatch": null,
    "citedSituation": null,
    "fwciinedx": 10.618
  },
  "mapVO": {
    "nodes": [
      {
        "id": "60021784_affiliation",
        "name": "New York University",
        "type": "affiliation",
        "value": 0.5,
        "releExpert": null,
        "releSubject": null
      },
      {
        "id": "C020042120_keyword",
        "name": "Machine Learning",
        "type": "keyword",
        "value": 0.83333,
        "releExpert": null,
        "releSubject": null
      },
      {
        "id": "C018847356_keyword",
        "name": "Pattern recognition",
        "type": "keyword",
        "value": 0.58333,
        "releExpert": null,
        "releSubject": null
      },
      {
        "id": "1899515_scholar",
        "name": "Richard Flagan",
        "type": "scholar",
        "value": 1,
        "releExpert": null,
        "releSubject": null
      },
      {
        "id": "407323_keyword",
        "name": "Deep learning",
        "type": "keyword",
        "value": 0.91667,
        "releExpert": null,
        "releSubject": null
      },
      {
        "id": "C018918649_keyword",
        "name": "Feature extraction",
        "type": "keyword",
        "value": 0.58333,
        "releExpert": null,
        "releSubject": null
      },
      {
        "id": "847512_scholar",
        "name": "Yann Lecun",
        "type": "scholar",
        "value": 1,
        "releExpert": null,
        "releSubject": null
      },
      {
        "id": "C020039005_keyword",
        "name": "Neural network",
        "type": "keyword",
        "value": 1,
        "releExpert": null,
        "releSubject": null
      },
      {
        "id": "2033472_scholar",
        "name": "Camillo jose Taylor",
        "type": "scholar",
        "value": 1,
        "releExpert": null,
        "releSubject": null
      },
      {
        "id": "2040322_scholar",
        "name": "Matt Miller",
        "type": "scholar",
        "value": 1,
        "releExpert": null,
        "releSubject": null
      },
      {
        "id": "59568_scholar",
        "name": "Klaus robert Müller",
        "type": "scholar",
        "value": 1,
        "releExpert": null,
        "releSubject": null
      },
      {
        "id": "1926769_scholar",
        "name": "Gloria Coruzzi",
        "type": "scholar",
        "value": 1,
        "releExpert": null,
        "releSubject": null
      }
    ],
    "relations": [
      {
        "source": "847512_scholar",
        "target": "1926769_scholar",
        "value": 1,
        "type": "scholar"
      },
      {
        "source": "847512_scholar",
        "target": "2033472_scholar",
        "value": 1,
        "type": "scholar"
      },
      {
        "source": "847512_scholar",
        "target": "2040322_scholar",
        "value": 1,
        "type": "scholar"
      },
      {
        "source": "847512_scholar",
        "target": "1899515_scholar",
        "value": 1,
        "type": "scholar"
      },
      {
        "source": "847512_scholar",
        "target": "59568_scholar",
        "value": 1,
        "type": "scholar"
      },
      {
        "source": "847512_scholar",
        "target": "C020039005_keyword",
        "value": 1,
        "type": "keyword"
      },
      {
        "source": "847512_scholar",
        "target": "60021784_affiliation",
        "value": 0.5,
        "type": "affiliation"
      },
      {
        "source": "847512_scholar",
        "target": "407323_keyword",
        "value": 0.91667,
        "type": "keyword"
      },
      {
        "source": "847512_scholar",
        "target": "C018847356_keyword",
        "value": 0.58333,
        "type": "keyword"
      },
      {
        "source": "847512_scholar",
        "target": "C018918649_keyword",
        "value": 0.58333,
        "type": "keyword"
      },
      {
        "source": "847512_scholar",
        "target": "C020042120_keyword",
        "value": 0.83333,
        "type": "keyword"
      }
    ],
    "expertReco": [
      {
        "id": 2017250,
        "name": "曹进德",
        "headImg": "/img/domain_logo/2017250.jpg",
        "institution": "Southeast University",
        "subjectArea": null,
        "country": null,
        "totalIssues": null,
        "totalCitations": null,
        "top1Citations": null,
        "number1": null,
        "top10Citations": null,
        "number10": null,
        "hIndex": null,
        "journalSend": null,
        "subjectMatch": null,
        "citedSituation": null,
        "fwciinedx": null
      },
      {
        "id": 914005,
        "name": "王子栋",
        "headImg": "/img/expert_logo/2019-03/2019-03-21-13-26-15__512381b6-9622-4ec3-8ccc-3e1e534cc672.jpg",
        "institution": "Brunel University London",
        "subjectArea": null,
        "country": null,
        "totalIssues": null,
        "totalCitations": null,
        "top1Citations": null,
        "number1": null,
        "top10Citations": null,
        "number10": null,
        "hIndex": null,
        "journalSend": null,
        "subjectMatch": null,
        "citedSituation": null,
        "fwciinedx": null
      },
      {
        "id": 376304,
        "name": "黄煦涛",
        "headImg": "/img/domain_logo/35513984600.jpg",
        "institution": "University of Illinois at Urbana-Champaign",
        "subjectArea": null,
        "country": null,
        "totalIssues": null,
        "totalCitations": null,
        "top1Citations": null,
        "number1": null,
        "top10Citations": null,
        "number10": null,
        "hIndex": null,
        "journalSend": null,
        "subjectMatch": null,
        "citedSituation": null,
        "fwciinedx": null
      }
    ],
    "subjectReco": [
      "Neural network",
      "Machine learning",
      "Pattern recognition",
      "Feature extraction"
    ],
    "journalsReco": null,
    "institutionsReco": [
      "Facebook",
      "AT&T Inc."
    ]
  },
  "mapInfo": {
    "nodes": [
      {
        "id": "349010_scholar",
        "name": "张大鹏",
        "type": "scholar",
        "value": 0.51163,
        "releExpert": null,
        "releSubject": null
      },
      {
        "id": "1837325_scholar",
        "name": "Amit Konar",
        "type": "scholar",
        "value": 0.75,
        "releExpert": null,
        "releSubject": null
      },
      {
        "id": "157617_scholar",
        "name": "Qinglai Wei",
        "type": "scholar",
        "value": 0.57471,
        "releExpert": null,
        "releSubject": null
      },
      {
        "id": "2039994_scholar",
        "name": "Yong Xü",
        "type": "scholar",
        "value": 0.58065,
        "releExpert": null,
        "releSubject": null
      },
      {
        "id": "60021784_affiliation",
        "name": "New York University",
        "type": "affiliation",
        "value": 0.5,
        "releExpert": null,
        "releSubject": null
      },
      {
        "id": "3087288_scholar",
        "name": "Mark aurel Augath",
        "type": "scholar",
        "value": 1,
        "releExpert": null,
        "releSubject": null
      },
      {
        "id": "224496_scholar",
        "name": "Frank Lewis",
        "type": "scholar",
        "value": 0.66667,
        "releExpert": null,
        "releSubject": null
      },
      {
        "id": "C018811890_keyword",
        "name": "Genetic Algorithm (GA)",
        "type": "keyword",
        "value": 0.8073,
        "releExpert": null,
        "releSubject": null
      },
      {
        "id": "407323_keyword",
        "name": "Deep learning",
        "type": "keyword",
        "value": 0.91667,
        "releExpert": null,
        "releSubject": null
      },
      {
        "id": "1830818_scholar",
        "name": "蒂埃里.德诺",
        "type": "scholar",
        "value": 0.51613,
        "releExpert": null,
        "releSubject": null
      },
      {
        "id": "305302_keyword",
        "name": "Convolutional neural network",
        "type": "keyword",
        "value": 0.9467,
        "releExpert": null,
        "releSubject": null
      },
      {
        "id": "2040322_scholar",
        "name": "Matt Miller",
        "type": "scholar",
        "value": 1,
        "releExpert": null,
        "releSubject": null
      },
      {
        "id": "C018847356_keyword",
        "name": "Pattern recognition",
        "type": "keyword",
        "value": 0.58333,
        "releExpert": null,
        "releSubject": null
      },
      {
        "id": "C018956191_keyword",
        "name": "Face recognition",
        "type": "keyword",
        "value": 0.8412,
        "releExpert": null,
        "releSubject": null
      },
      {
        "id": "C018819637_keyword",
        "name": "Support Vector Machines",
        "type": "keyword",
        "value": 1,
        "releExpert": null,
        "releSubject": null
      },
      {
        "id": "C020039005_keyword",
        "name": "Neural network",
        "type": "keyword",
        "value": 1,
        "releExpert": null,
        "releSubject": null
      },
      {
        "id": "2102178_scholar",
        "name": "张孟杰",
        "type": "scholar",
        "value": 1,
        "releExpert": null,
        "releSubject": null
      },
      {
        "id": "867168_scholar",
        "name": "王鼎",
        "type": "scholar",
        "value": 0.64943,
        "releExpert": null,
        "releSubject": null
      },
      {
        "id": "715311_scholar",
        "name": "周志华",
        "type": "scholar",
        "value": 1,
        "releExpert": null,
        "releSubject": null
      },
      {
        "id": "23592_scholar",
        "name": "Diane Cook",
        "type": "scholar",
        "value": 0.55833,
        "releExpert": null,
        "releSubject": null
      },
      {
        "id": "2107931_scholar",
        "name": "Jason Weston",
        "type": "scholar",
        "value": 1,
        "releExpert": null,
        "releSubject": null
      },
      {
        "id": "C020043284_keyword",
        "name": "adaptive control",
        "type": "keyword",
        "value": 0.8656,
        "releExpert": null,
        "releSubject": null
      },
      {
        "id": "2033472_scholar",
        "name": "Camillo jose Taylor",
        "type": "scholar",
        "value": 1,
        "releExpert": null,
        "releSubject": null
      },
      {
        "id": "4974276_scholar",
        "name": "Dharmendra Singh",
        "type": "scholar",
        "value": 0.75,
        "releExpert": null,
        "releSubject": null
      },
      {
        "id": "2027991_scholar",
        "name": "余昭旭",
        "type": "scholar",
        "value": 1,
        "releExpert": null,
        "releSubject": null
      },
      {
        "id": "1055056_scholar",
        "name": "王喆",
        "type": "scholar",
        "value": 0.51613,
        "releExpert": null,
        "releSubject": null
      },
      {
        "id": "1903450_scholar",
        "name": "Geoffrey Hinton",
        "type": "scholar",
        "value": 1,
        "releExpert": null,
        "releSubject": null
      },
      {
        "id": "1897078_scholar",
        "name": "Patricia Melin",
        "type": "scholar",
        "value": 0.50575,
        "releExpert": null,
        "releSubject": null
      },
      {
        "id": "1866083_scholar",
        "name": "How lung Eng ",
        "type": "scholar",
        "value": 0.625,
        "releExpert": null,
        "releSubject": null
      },
      {
        "id": "377905_scholar",
        "name": "Jessica Fridrich",
        "type": "scholar",
        "value": 1,
        "releExpert": null,
        "releSubject": null
      },
      {
        "id": "847512_scholar",
        "name": "Yann Lecun",
        "type": "scholar",
        "value": 1,
        "releExpert": null,
        "releSubject": null
      },
      {
        "id": "C020037235_keyword",
        "name": "data mining",
        "type": "keyword",
        "value": 0.9552,
        "releExpert": null,
        "releSubject": null
      },
      {
        "id": "2046901_scholar",
        "name": "Zhiming Wang",
        "type": "scholar",
        "value": 0.66667,
        "releExpert": null,
        "releSubject": null
      },
      {
        "id": "701267_scholar",
        "name": "Bing Bing Xue",
        "type": "scholar",
        "value": 0.52326,
        "releExpert": null,
        "releSubject": null
      },
      {
        "id": "C020043191_keyword",
        "name": "computer vision",
        "type": "keyword",
        "value": 0.7735,
        "releExpert": null,
        "releSubject": null
      },
      {
        "id": "3198480_scholar",
        "name": "Risto Ilmoniemi",
        "type": "scholar",
        "value": 1,
        "releExpert": null,
        "releSubject": null
      },
      {
        "id": "C018918649_keyword",
        "name": "Feature extraction",
        "type": "keyword",
        "value": 0.58333,
        "releExpert": null,
        "releSubject": null
      },
      {
        "id": "2091182_scholar",
        "name": "Chee khiang Pang ",
        "type": "scholar",
        "value": 0.66667,
        "releExpert": null,
        "releSubject": null
      },
      {
        "id": "500242_scholar",
        "name": "Huiling Chen",
        "type": "scholar",
        "value": 0.53488,
        "releExpert": null,
        "releSubject": null
      },
      {
        "id": "1673137_scholar",
        "name": "Ozgur Kisi",
        "type": "scholar",
        "value": 0.52874,
        "releExpert": null,
        "releSubject": null
      },
      {
        "id": "1926769_scholar",
        "name": "Gloria Coruzzi",
        "type": "scholar",
        "value": 1,
        "releExpert": null,
        "releSubject": null
      },
      {
        "id": "3183241_scholar",
        "name": "Tadashi Isa",
        "type": "scholar",
        "value": 1,
        "releExpert": null,
        "releSubject": null
      },
      {
        "id": "932921_scholar",
        "name": "刘德荣",
        "type": "scholar",
        "value": 1,
        "releExpert": null,
        "releSubject": null
      },
      {
        "id": "1278002_scholar",
        "name": "yì Wáng",
        "type": "scholar",
        "value": 1,
        "releExpert": null,
        "releSubject": null
      },
      {
        "id": "165598_scholar",
        "name": "João paulo Papa",
        "type": "scholar",
        "value": 0.56452,
        "releExpert": null,
        "releSubject": null
      },
      {
        "id": "410277_scholar",
        "name": "Min Liu",
        "type": "scholar",
        "value": 1,
        "releExpert": null,
        "releSubject": null
      },
      {
        "id": "59568_scholar",
        "name": "Klaus robert Müller",
        "type": "scholar",
        "value": 1,
        "releExpert": null,
        "releSubject": null
      },
      {
        "id": "433065_scholar",
        "name": "吴翠红",
        "type": "scholar",
        "value": 1,
        "releExpert": null,
        "releSubject": null
      },
      {
        "id": "255735_scholar",
        "name": "Ralf Sommer",
        "type": "scholar",
        "value": 1,
        "releExpert": null,
        "releSubject": null
      },
      {
        "id": "3221408_scholar",
        "name": "Christin Schäfer",
        "type": "scholar",
        "value": 1,
        "releExpert": null,
        "releSubject": null
      },
      {
        "id": "C020042120_keyword",
        "name": "Machine Learning",
        "type": "keyword",
        "value": 0.83333,
        "releExpert": null,
        "releSubject": null
      },
      {
        "id": "366996_scholar",
        "name": "Michal Wozniak",
        "type": "scholar",
        "value": 0.90833,
        "releExpert": null,
        "releSubject": null
      },
      {
        "id": "4854733_scholar",
        "name": "Floriana Esposito",
        "type": "scholar",
        "value": 0.625,
        "releExpert": null,
        "releSubject": null
      },
      {
        "id": "1899515_scholar",
        "name": "Richard Flagan",
        "type": "scholar",
        "value": 1,
        "releExpert": null,
        "releSubject": null
      },
      {
        "id": "381285_scholar",
        "name": "André de",
        "type": "scholar",
        "value": 0.50833,
        "releExpert": null,
        "releSubject": null
      },
      {
        "id": "2049173_scholar",
        "name": "Liyuan Li",
        "type": "scholar",
        "value": 0.66667,
        "releExpert": null,
        "releSubject": null
      },
      {
        "id": "87177_scholar",
        "name": "Wenling Jiao ",
        "type": "scholar",
        "value": 1,
        "releExpert": null,
        "releSubject": null
      },
      {
        "id": "1888596_scholar",
        "name": "Taghi Khoshgoftaar",
        "type": "scholar",
        "value": 0.63953,
        "releExpert": null,
        "releSubject": null
      },
      {
        "id": "432115_scholar",
        "name": "葛晓敏",
        "type": "scholar",
        "value": 1,
        "releExpert": null,
        "releSubject": null
      },
      {
        "id": "60018008_affiliation",
        "name": "NEC Laboratories America, Inc.",
        "type": "affiliation",
        "value": 0.5,
        "releExpert": null,
        "releSubject": null
      },
      {
        "id": "116702145_affiliation",
        "name": "Berlin Big Data Center",
        "type": "affiliation",
        "value": 0.5,
        "releExpert": null,
        "releSubject": null
      }
    ],
    "relations": [
      {
        "source": "C018847356_keyword",
        "target": "2039994_scholar",
        "value": 0.58065,
        "type": "scholar"
      },
      {
        "source": "C018918649_keyword",
        "target": "C018956191_keyword",
        "value": 0.8412,
        "type": "keyword"
      },
      {
        "source": "C020042120_keyword",
        "target": "23592_scholar",
        "value": 0.55833,
        "type": "scholar"
      },
      {
        "source": "C020039005_keyword",
        "target": "2091182_scholar",
        "value": 0.66667,
        "type": "scholar"
      },
      {
        "source": "C020042120_keyword",
        "target": "715311_scholar",
        "value": 1,
        "type": "scholar"
      },
      {
        "source": "C020039005_keyword",
        "target": "432115_scholar",
        "value": 1,
        "type": "scholar"
      },
      {
        "source": "C018847356_keyword",
        "target": "1837325_scholar",
        "value": 0.75,
        "type": "scholar"
      },
      {
        "source": "C020039005_keyword",
        "target": "C020043284_keyword",
        "value": 0.8656,
        "type": "keyword"
      },
      {
        "source": "C018918649_keyword",
        "target": "500242_scholar",
        "value": 0.53488,
        "type": "scholar"
      },
      {
        "source": "C018847356_keyword",
        "target": "4974276_scholar",
        "value": 0.75,
        "type": "scholar"
      },
      {
        "source": "C020039005_keyword",
        "target": "2049173_scholar",
        "value": 0.66667,
        "type": "scholar"
      },
      {
        "source": "C018918649_keyword",
        "target": "1888596_scholar",
        "value": 0.63953,
        "type": "scholar"
      },
      {
        "source": "59568_scholar",
        "target": "3221408_scholar",
        "value": 1,
        "type": "scholar"
      },
      {
        "source": "C020039005_keyword",
        "target": "867168_scholar",
        "value": 0.64943,
        "type": "scholar"
      },
      {
        "source": "C020039005_keyword",
        "target": "2027991_scholar",
        "value": 1,
        "type": "scholar"
      },
      {
        "source": "C018918649_keyword",
        "target": "701267_scholar",
        "value": 0.52326,
        "type": "scholar"
      },
      {
        "source": "C020039005_keyword",
        "target": "1673137_scholar",
        "value": 0.52874,
        "type": "scholar"
      },
      {
        "source": "2040322_scholar",
        "target": "60018008_affiliation",
        "value": 0.5,
        "type": "affiliation"
      },
      {
        "source": "847512_scholar",
        "target": "C020042120_keyword",
        "value": 0.83333,
        "type": "keyword"
      },
      {
        "source": "C020039005_keyword",
        "target": "932921_scholar",
        "value": 1,
        "type": "scholar"
      },
      {
        "source": "C018847356_keyword",
        "target": "C020043191_keyword",
        "value": 0.7735,
        "type": "keyword"
      },
      {
        "source": "C020042120_keyword",
        "target": "366996_scholar",
        "value": 0.90833,
        "type": "scholar"
      },
      {
        "source": "C018847356_keyword",
        "target": "165598_scholar",
        "value": 0.56452,
        "type": "scholar"
      },
      {
        "source": "C018918649_keyword",
        "target": "2102178_scholar",
        "value": 1,
        "type": "scholar"
      },
      {
        "source": "847512_scholar",
        "target": "2040322_scholar",
        "value": 1,
        "type": "scholar"
      },
      {
        "source": "2040322_scholar",
        "target": "847512_scholar",
        "value": 1,
        "type": "scholar"
      },
      {
        "source": "C018847356_keyword",
        "target": "1903450_scholar",
        "value": 1,
        "type": "scholar"
      },
      {
        "source": "59568_scholar",
        "target": "3183241_scholar",
        "value": 1,
        "type": "scholar"
      },
      {
        "source": "59568_scholar",
        "target": "3198480_scholar",
        "value": 1,
        "type": "scholar"
      },
      {
        "source": "2040322_scholar",
        "target": "2107931_scholar",
        "value": 1,
        "type": "scholar"
      },
      {
        "source": "59568_scholar",
        "target": "255735_scholar",
        "value": 1,
        "type": "scholar"
      },
      {
        "source": "C020039005_keyword",
        "target": "410277_scholar",
        "value": 1,
        "type": "scholar"
      },
      {
        "source": "C020039005_keyword",
        "target": "87177_scholar",
        "value": 1,
        "type": "scholar"
      },
      {
        "source": "847512_scholar",
        "target": "1899515_scholar",
        "value": 1,
        "type": "scholar"
      },
      {
        "source": "C020039005_keyword",
        "target": "2046901_scholar",
        "value": 0.66667,
        "type": "scholar"
      },
      {
        "source": "847512_scholar",
        "target": "C018918649_keyword",
        "value": 0.58333,
        "type": "keyword"
      },
      {
        "source": "C018847356_keyword",
        "target": "1055056_scholar",
        "value": 0.51613,
        "type": "scholar"
      },
      {
        "source": "C018847356_keyword",
        "target": "1866083_scholar",
        "value": 0.625,
        "type": "scholar"
      },
      {
        "source": "C020039005_keyword",
        "target": "157617_scholar",
        "value": 0.57471,
        "type": "scholar"
      },
      {
        "source": "C018918649_keyword",
        "target": "C018819637_keyword",
        "value": 1,
        "type": "keyword"
      },
      {
        "source": "847512_scholar",
        "target": "2033472_scholar",
        "value": 1,
        "type": "scholar"
      },
      {
        "source": "2040322_scholar",
        "target": "377905_scholar",
        "value": 1,
        "type": "scholar"
      },
      {
        "source": "C020039005_keyword",
        "target": "433065_scholar",
        "value": 1,
        "type": "scholar"
      },
      {
        "source": "59568_scholar",
        "target": "3087288_scholar",
        "value": 1,
        "type": "scholar"
      },
      {
        "source": "C018918649_keyword",
        "target": "349010_scholar",
        "value": 0.51163,
        "type": "scholar"
      },
      {
        "source": "847512_scholar",
        "target": "60021784_affiliation",
        "value": 0.5,
        "type": "affiliation"
      },
      {
        "source": "C020042120_keyword",
        "target": "381285_scholar",
        "value": 0.50833,
        "type": "scholar"
      },
      {
        "source": "847512_scholar",
        "target": "C018847356_keyword",
        "value": 0.58333,
        "type": "keyword"
      },
      {
        "source": "C018847356_keyword",
        "target": "4854733_scholar",
        "value": 0.625,
        "type": "scholar"
      },
      {
        "source": "C020039005_keyword",
        "target": "1897078_scholar",
        "value": 0.50575,
        "type": "scholar"
      },
      {
        "source": "C020039005_keyword",
        "target": "1278002_scholar",
        "value": 1,
        "type": "scholar"
      },
      {
        "source": "847512_scholar",
        "target": "1926769_scholar",
        "value": 1,
        "type": "scholar"
      },
      {
        "source": "59568_scholar",
        "target": "116702145_affiliation",
        "value": 0.5,
        "type": "affiliation"
      },
      {
        "source": "C020039005_keyword",
        "target": "224496_scholar",
        "value": 0.66667,
        "type": "scholar"
      },
      {
        "source": "847512_scholar",
        "target": "59568_scholar",
        "value": 1,
        "type": "scholar"
      },
      {
        "source": "847512_scholar",
        "target": "C020039005_keyword",
        "value": 1,
        "type": "keyword"
      },
      {
        "source": "C018918649_keyword",
        "target": "C018811890_keyword",
        "value": 0.8073,
        "type": "keyword"
      },
      {
        "source": "C018847356_keyword",
        "target": "1830818_scholar",
        "value": 0.51613,
        "type": "scholar"
      },
      {
        "source": "847512_scholar",
        "target": "407323_keyword",
        "value": 0.91667,
        "type": "keyword"
      },
      {
        "source": "407323_keyword",
        "target": "305302_keyword",
        "value": 0.9467,
        "type": "keyword"
      },
      {
        "source": "C020042120_keyword",
        "target": "C020037235_keyword",
        "value": 0.9552,
        "type": "keyword"
      }
    ],
    "expertReco": null,
    "subjectReco": null,
    "journalsReco": null,
    "institutionsReco": null
  },
  "paperVO": [],
  "patentVO": null,
  "bookVO": [],
  "standardVO": []
}